scope,kind,target,board,category,route,canonical_release_selected,default_non_kiss_release_selected,named_full,supports_full,full_only,migration,full_cli,runtime_alias,reduced,companion,kiss,redundant,pio_base,canonical_full_target,canonical_full_pio_env,mapping_basis,auto_route,fit_evidence
tracked_primary,raw_platformio_environment,Ebyte_EoRa-S3_Repeater,ebyte_eora-s3,node_firmware,legacy,True,True,False,True,False,True,False,False,False,False,False,False,Ebyte_EoRa-S3_Repeater,Ebyte_EoRa-S3_Repeater,Ebyte_EoRa-S3_repeater_observer_mqtt,exact ordinary Full group choice,full|Ebyte_EoRa-S3_repeater_observer_mqtt,not measured by this static routing audit
tracked_primary,raw_platformio_environment,Ebyte_EoRa-S3_terminal_chat,ebyte_eora-s3,node_firmware,legacy,False,False,False,False,False,False,False,False,False,False,False,True,Ebyte_EoRa-S3_terminal_chat,Ebyte_EoRa-S3_companion_radio_full,Ebyte_EoRa-S3_companion_radio_ble,canonical replacement -> named Full Companion,auto|Ebyte_EoRa-S3_terminal_chat,not measured by this static routing audit
tracked_primary,raw_platformio_environment,Ebyte_EoRa-S3_room_server,ebyte_eora-s3,node_firmware,legacy,True,True,False,True,False,True,False,False,False,False,False,False,Ebyte_EoRa-S3_room_server,Ebyte_EoRa-S3_room_server,Ebyte_EoRa-S3_room_server_observer_mqtt,exact ordinary Full group choice,full|Ebyte_EoRa-S3_room_server_observer_mqtt,not measured by this static routing audit
tracked_primary,raw_platformio_environment,Ebyte_EoRa-S3_companion_radio_usb,ebyte_eora-s3,legacy_Companion_or_transport_alias,source,False,False,False,False,False,False,False,False,False,True,False,True,Ebyte_EoRa-S3_companion_radio_usb,Ebyte_EoRa-S3_companion_radio_full,Ebyte_EoRa-S3_companion_radio_ble,canonical replacement -> named Full Companion,auto|Ebyte_EoRa-S3_companion_radio_usb,not measured by this static routing audit
tracked_primary,raw_platformio_environment,Ebyte_EoRa-S3_companion_radio_ble,ebyte_eora-s3,legacy_Companion_or_transport_alias,source,False,False,False,False,False,False,False,False,False,True,False,True,Ebyte_EoRa-S3_companion_radio_ble,Ebyte_EoRa-S3_companion_radio_full,Ebyte_EoRa-S3_companion_radio_ble,canonical replacement -> named Full Companion,auto|Ebyte_EoRa-S3_companion_radio_ble,not measured by this static routing audit
tracked_primary,raw_platformio_environment,Ebyte_EoRa-S3_kiss_modem,ebyte_eora-s3,host_modem_KISS,KISS,True,False,False,False,False,False,False,False,False,False,True,False,Ebyte_EoRa-S3_kiss_modem,,,,auto|Ebyte_EoRa-S3_kiss_modem,not measured by this static routing audit
tracked_primary,raw_platformio_environment,Ebyte_EoRa-S3_repeater_observer_mqtt,ebyte_eora-s3,node_firmware,Full,True,True,False,True,False,False,True,False,False,False,False,False,Ebyte_EoRa-S3_repeater_observer_mqtt,Ebyte_EoRa-S3_Repeater,Ebyte_EoRa-S3_repeater_observer_mqtt,exact ordinary Full group choice,full|Ebyte_EoRa-S3_repeater_observer_mqtt,not measured by this static routing audit
tracked_primary,raw_platformio_environment,Ebyte_EoRa-S3_room_server_observer_mqtt,ebyte_eora-s3,node_firmware,Full,True,True,False,True,False,False,True,False,False,False,False,False,Ebyte_EoRa-S3_room_server_observer_mqtt,Ebyte_EoRa-S3_room_server,Ebyte_EoRa-S3_room_server_observer_mqtt,exact ordinary Full group choice,full|Ebyte_EoRa-S3_room_server_observer_mqtt,not measured by this static routing audit
tracked_primary,raw_platformio_environment,esp32_s3_4mb_partition_migrator,esp32-s3-devkitc-1,development_or_migration_utility,source,False,False,False,False,False,False,False,False,False,False,False,True,esp32_s3_4mb_partition_migrator,,,,auto|esp32_s3_4mb_partition_migrator,not measured by this static routing audit
tracked_primary,raw_platformio_environment,esp32_s3_16mb_partition_migrator,esp32-s3-devkitc-1,development_or_migration_utility,source,False,False,False,False,False,False,False,False,False,False,False,True,esp32_s3_16mb_partition_migrator,,,,auto|esp32_s3_16mb_partition_migrator,not measured by this static routing audit
tracked_primary,raw_platformio_environment,esp32_s3_8mb_partition_migrator,esp32-s3-devkitc-1,development_or_migration_utility,source,False,False,False,False,False,False,False,False,False,False,False,True,esp32_s3_8mb_partition_migrator,,,,auto|esp32_s3_8mb_partition_migrator,not measured by this static routing audit
tracked_primary,raw_platformio_environment,esp32_s3_4mb_partition_migrator_lora,esp32-s3-devkitc-1,development_or_migration_utility,source,False,False,False,False,False,False,False,False,False,False,False,True,esp32_s3_4mb_partition_migrator_lora,,,,auto|esp32_s3_4mb_partition_migrator_lora,not measured by this static routing audit
tracked_primary,raw_platformio_environment,esp32_s3_8mb_partition_migrator_lora,esp32-s3-devkitc-1,development_or_migration_utility,source,False,False,False,False,False,False,False,False,False,False,False,True,esp32_s3_8mb_partition_migrator_lora,,,,auto|esp32_s3_8mb_partition_migrator_lora,not measured by this static routing audit
tracked_primary,raw_platformio_environment,esp32_s3_16mb_partition_migrator_lora,esp32-s3-devkitc-1,development_or_migration_utility,source,False,False,False,False,False,False,False,False,False,False,False,True,esp32_s3_16mb_partition_migrator_lora,,,,auto|esp32_s3_16mb_partition_migrator_lora,not measured by this static routing audit
tracked_primary,raw_platformio_environment,esp32_8mb_partition_migrator,esp32dev,development_or_migration_utility,source,False,False,False,False,False,False,False,False,False,False,False,True,esp32_8mb_partition_migrator,,,,auto|esp32_8mb_partition_migrator,not measured by this static routing audit
tracked_primary,raw_platformio_environment,esp32_8mb_partition_migrator_lora,esp32dev,development_or_migration_utility,source,False,False,False,False,False,False,False,False,False,False,False,True,esp32_8mb_partition_migrator_lora,,,,auto|esp32_8mb_partition_migrator_lora,not measured by this static routing audit
tracked_primary,raw_platformio_environment,esp32_c3_4mb_partition_migrator,esp32-c3-devkitm-1,development_or_migration_utility,source,False,False,False,False,False,False,False,False,False,False,False,True,esp32_c3_4mb_partition_migrator,,,,auto|esp32_c3_4mb_partition_migrator,not measured by this static routing audit
tracked_primary,raw_platformio_environment,esp32_c3_4mb_partition_migrator_lora,esp32-c3-devkitm-1,development_or_migration_utility,source,False,False,False,False,False,False,False,False,False,False,False,True,esp32_c3_4mb_partition_migrator_lora,,,,auto|esp32_c3_4mb_partition_migrator_lora,not measured by this static routing audit
tracked_primary,raw_platformio_environment,esp32_4mb_partition_migrator,esp32dev,development_or_migration_utility,source,False,False,False,False,False,False,False,False,False,False,False,True,esp32_4mb_partition_migrator,,,,auto|esp32_4mb_partition_migrator,not measured by this static routing audit
tracked_primary,raw_platformio_environment,esp32_4mb_partition_migrator_lora,esp32dev,development_or_migration_utility,source,False,False,False,False,False,False,False,False,False,False,False,True,esp32_4mb_partition_migrator_lora,,,,auto|esp32_4mb_partition_migrator_lora,not measured by this static routing audit
tracked_primary,raw_platformio_environment,Generic_E22_sx1262_repeater,esp32doit-devkit-v1,node_firmware,legacy,True,True,False,True,False,True,False,False,False,False,False,False,Generic_E22_sx1262_repeater,Generic_E22_sx1262_repeater,Generic_E22_sx1262_repeater,exact ordinary Full group choice,full|Generic_E22_sx1262_repeater,not measured by this static routing audit
tracked_primary,raw_platformio_environment,Generic_E22_sx1262_repeater_bridge_espnow,esp32doit-devkit-v1,node_firmware,Full,False,False,False,True,False,False,True,False,False,False,False,True,Generic_E22_sx1262_repeater_bridge_espnow,Generic_E22_sx1262_repeater,Generic_E22_sx1262_repeater,exact ordinary Full group choice,full|Generic_E22_sx1262_repeater_bridge_espnow,not measured by this static routing audit
tracked_primary,raw_platformio_environment,Generic_E22_kiss_modem,esp32doit-devkit-v1,host_modem_KISS,KISS,True,False,False,False,False,False,False,False,False,False,True,False,Generic_E22_kiss_modem,,,,auto|Generic_E22_kiss_modem,not measured by this static routing audit
tracked_primary,raw_platformio_environment,Generic_E22_sx1268_repeater,esp32doit-devkit-v1,node_firmware,legacy,True,True,False,True,False,True,False,False,False,False,False,False,Generic_E22_sx1268_repeater,Generic_E22_sx1268_repeater,Generic_E22_sx1268_repeater,exact ordinary Full group choice,full|Generic_E22_sx1268_repeater,not measured by this static routing audit
tracked_primary,raw_platformio_environment,Generic_E22_sx1268_repeater_bridge_espnow,esp32doit-devkit-v1,node_firmware,Full,False,False,False,True,False,False,True,False,False,False,False,True,Generic_E22_sx1268_repeater_bridge_espnow,Generic_E22_sx1268_repeater,Generic_E22_sx1268_repeater,exact ordinary Full group choice,full|Generic_E22_sx1268_repeater_bridge_espnow,not measured by this static routing audit
tracked_primary,raw_platformio_environment,Generic_ESPNOW_terminal_chat,esp32-c3-devkitm-1,node_firmware,legacy,False,False,False,False,False,False,False,False,False,False,False,True,Generic_ESPNOW_terminal_chat,Generic_ESPNOW_companion_radio_full,Generic_ESPNOW_comp_radio_usb,canonical replacement -> named Full Companion,auto|Generic_ESPNOW_terminal_chat,not measured by this static routing audit
tracked_primary,raw_platformio_environment,Generic_ESPNOW_repeatr,esp32-c3-devkitm-1,node_firmware,legacy,True,True,False,True,False,False,False,False,False,False,False,False,Generic_ESPNOW_repeatr,Generic_ESPNOW_repeatr,Generic_ESPNOW_repeatr,exact ordinary Full group choice,full|Generic_ESPNOW_repeatr,not measured by this static routing audit
tracked_primary,raw_platformio_environment,Generic_ESPNOW_comp_radio_usb,esp32-c3-devkitm-1,legacy_Companion_or_transport_alias,source,False,False,False,False,False,False,False,False,False,True,False,True,Generic_ESPNOW_comp_radio_usb,Generic_ESPNOW_companion_radio_full,Generic_ESPNOW_comp_radio_usb,canonical replacement -> named Full Companion,auto|Generic_ESPNOW_comp_radio_usb,not measured by this static routing audit
tracked_primary,raw_platformio_environment,Generic_ESPNOW_room_svr,esp32-c3-devkitm-1,node_firmware,legacy,True,True,False,True,False,False,False,False,False,False,False,False,Generic_ESPNOW_room_svr,Generic_ESPNOW_room_svr,Generic_ESPNOW_room_svr,exact ordinary Full group choice,full|Generic_ESPNOW_room_svr,not measured by this static routing audit
tracked_primary,raw_platformio_environment,GEPRC_Linkflow_900_repeater,esp32dev,node_firmware,legacy,True,True,False,True,False,False,False,False,False,False,False,False,GEPRC_Linkflow_900_repeater,GEPRC_Linkflow_900_repeater,GEPRC_Linkflow_900_repeater,exact ordinary Full group choice,full|GEPRC_Linkflow_900_repeater,not measured by this static routing audit
tracked_primary,raw_platformio_environment,Heltec_ct62_repeater,esp32-c3-devkitm-1,node_firmware,legacy,True,True,False,True,False,True,False,False,False,False,False,False,Heltec_ct62_repeater,Heltec_ct62_repeater,Heltec_ct62_repeater,exact ordinary Full group choice,full|Heltec_ct62_repeater,not measured by this static routing audit
tracked_primary,raw_platformio_environment,Heltec_ct62_repeater_bridge_espnow,esp32-c3-devkitm-1,node_firmware,Full,False,False,False,True,False,False,True,False,False,False,False,True,Heltec_ct62_repeater_bridge_espnow,Heltec_ct62_repeater,Heltec_ct62_repeater,exact ordinary Full group choice,full|Heltec_ct62_repeater_bridge_espnow,not measured by this static routing audit
tracked_primary,raw_platformio_environment,Heltec_ct62_companion_radio_usb,esp32-c3-devkitm-1,legacy_Companion_or_transport_alias,source,False,False,False,False,False,False,False,False,False,True,False,True,Heltec_ct62_companion_radio_usb,Heltec_ct62_companion_radio_full,Heltec_ct62_companion_radio_ble,canonical replacement -> named Full Companion,auto|Heltec_ct62_companion_radio_usb,not measured by this static routing audit
tracked_primary,raw_platformio_environment,Heltec_ct62_companion_radio_ble,esp32-c3-devkitm-1,legacy_Companion_or_transport_alias,source,False,False,False,False,False,False,False,False,False,True,False,True,Heltec_ct62_companion_radio_ble,Heltec_ct62_companion_radio_full,Heltec_ct62_companion_radio_ble,canonical replacement -> named Full Companion,auto|Heltec_ct62_companion_radio_ble,not measured by this static routing audit
tracked_primary,raw_platformio_environment,Heltec_ct62_companion_radio_ble_ps,esp32-c3-devkitm-1,legacy_Companion_or_transport_alias,source,False,False,False,False,False,False,False,True,False,True,False,True,Heltec_ct62_companion_radio_ble_ps,Heltec_ct62_companion_radio_full,Heltec_ct62_companion_radio_ble,saved powersave alias -> canonical replacement -> named Full Companion,auto|Heltec_ct62_companion_radio_ble_ps,not measured by this static routing audit
tracked_primary,raw_platformio_environment,Heltec_ct62_sensor,esp32-c3-devkitm-1,node_firmware,legacy,True,True,False,True,False,True,False,False,False,False,False,False,Heltec_ct62_sensor,Heltec_ct62_sensor,Heltec_ct62_sensor,exact ordinary Full group choice,full|Heltec_ct62_sensor,not measured by this static routing audit
tracked_primary,raw_platformio_environment,Heltec_ct62_kiss_modem,esp32-c3-devkitm-1,host_modem_KISS,KISS,True,False,False,False,False,False,False,False,False,False,True,False,Heltec_ct62_kiss_modem,,,,auto|Heltec_ct62_kiss_modem,not measured by this static routing audit
tracked_primary,raw_platformio_environment,Heltec_E213_companion_radio_ble,heltec_e213,legacy_Companion_or_transport_alias,source,False,False,False,False,False,False,False,False,False,True,False,True,Heltec_E213_companion_radio_ble,Heltec_E213_companion_radio_full,Heltec_E213_companion_radio_ble,canonical replacement -> named Full Companion,auto|Heltec_E213_companion_radio_ble,not measured by this static routing audit
tracked_primary,raw_platformio_environment,Heltec_E213_companion_radio_usb,heltec_e213,legacy_Companion_or_transport_alias,source,False,False,False,False,False,False,False,False,False,True,False,True,Heltec_E213_companion_radio_usb,Heltec_E213_companion_radio_full,Heltec_E213_companion_radio_ble,canonical replacement -> named Full Companion,auto|Heltec_E213_companion_radio_usb,not measured by this static routing audit
tracked_primary,raw_platformio_environment,Heltec_E213_repeater,heltec_e213,node_firmware,Full,True,True,False,True,True,False,False,False,False,False,False,False,Heltec_E213_repeater,Heltec_E213_repeater,Heltec_E213_repeater_observer_mqtt,exact ordinary Full group choice,full|Heltec_E213_repeater_observer_mqtt,not measured by this static routing audit
tracked_primary,raw_platformio_environment,Heltec_E213_repeater_bridge_espnow,heltec_e213,node_firmware,Full,False,False,False,True,True,False,True,False,False,False,False,True,Heltec_E213_repeater_bridge_espnow,Heltec_E213_repeater,Heltec_E213_repeater_observer_mqtt,exact ordinary Full group choice,full|Heltec_E213_repeater_observer_mqtt,not measured by this static routing audit
tracked_primary,raw_platformio_environment,Heltec_E213_room_server,heltec_e213,node_firmware,Full,True,True,False,True,True,False,False,False,False,False,False,False,Heltec_E213_room_server,Heltec_E213_room_server,Heltec_E213_room_server_observer_mqtt,exact ordinary Full group choice,full|Heltec_E213_room_server_observer_mqtt,not measured by this static routing audit
tracked_primary,raw_platformio_environment,Heltec_E213_kiss_modem,heltec_e213,host_modem_KISS,KISS,True,False,False,False,False,False,False,False,False,False,True,False,Heltec_E213_kiss_modem,,,,auto|Heltec_E213_kiss_modem,not measured by this static routing audit
tracked_primary,raw_platformio_environment,Heltec_E213_repeater_observer_mqtt,heltec_e213,node_firmware,Full,True,True,False,True,True,False,True,False,False,False,False,False,Heltec_E213_repeater_observer_mqtt,Heltec_E213_repeater,Heltec_E213_repeater_observer_mqtt,exact ordinary Full group choice,full|Heltec_E213_repeater_observer_mqtt,not measured by this static routing audit
tracked_primary,raw_platformio_environment,Heltec_E213_room_server_observer_mqtt,heltec_e213,node_firmware,Full,True,True,False,True,True,False,True,False,False,False,False,False,Heltec_E213_room_server_observer_mqtt,Heltec_E213_room_server,Heltec_E213_room_server_observer_mqtt,exact ordinary Full group choice,full|Heltec_E213_room_server_observer_mqtt,not measured by this static routing audit
tracked_primary,raw_platformio_environment,Heltec_E290_companion_ble,heltec_e290,legacy_Companion_or_transport_alias,source,False,False,False,False,False,False,False,False,False,True,False,True,Heltec_E290_companion_ble,Heltec_E290_companion_radio_full,Heltec_E290_companion_usb_ble,canonical replacement -> named Full Companion,auto|Heltec_E290_companion_ble,not measured by this static routing audit
tracked_primary,raw_platformio_environment,Heltec_E290_companion_usb,heltec_e290,legacy_Companion_or_transport_alias,source,False,False,False,False,False,False,False,False,False,True,False,True,Heltec_E290_companion_usb,Heltec_E290_companion_radio_full,Heltec_E290_companion_usb_ble,canonical replacement -> named Full Companion,auto|Heltec_E290_companion_usb,not measured by this static routing audit
tracked_primary,raw_platformio_environment,Heltec_E290_companion_usb_ble,heltec_e290,legacy_Companion_or_transport_alias,source,False,False,False,False,False,False,False,False,False,True,False,True,Heltec_E290_companion_usb_ble,Heltec_E290_companion_radio_full,Heltec_E290_companion_usb_ble,canonical replacement -> named Full Companion,auto|Heltec_E290_companion_usb_ble,not measured by this static routing audit
tracked_primary,raw_platformio_environment,Heltec_E290_repeater,heltec_e290,node_firmware,Full,True,True,False,True,True,False,False,False,False,False,False,False,Heltec_E290_repeater,Heltec_E290_repeater,Heltec_E290_repeater_observer_mqtt,exact ordinary Full group choice,full|Heltec_E290_repeater_observer_mqtt,not measured by this static routing audit
tracked_primary,raw_platformio_environment,Heltec_E290_repeater_bridge_espnow,heltec_e290,node_firmware,Full,False,False,False,True,True,False,True,False,False,False,False,True,Heltec_E290_repeater_bridge_espnow,Heltec_E290_repeater,Heltec_E290_repeater_observer_mqtt,exact ordinary Full group choice,full|Heltec_E290_repeater_observer_mqtt,not measured by this static routing audit
tracked_primary,raw_platformio_environment,Heltec_E290_room_server,heltec_e290,node_firmware,Full,True,True,False,True,True,False,False,False,False,False,False,False,Heltec_E290_room_server,Heltec_E290_room_server,Heltec_E290_room_server_observer_mqtt,exact ordinary Full group choice,full|Heltec_E290_room_server_observer_mqtt,not measured by this static routing audit
tracked_primary,raw_platformio_environment,Heltec_E290_kiss_modem,heltec_e290,host_modem_KISS,KISS,True,False,False,False,False,False,False,False,False,False,True,False,Heltec_E290_kiss_modem,,,,auto|Heltec_E290_kiss_modem,not measured by this static routing audit
tracked_primary,raw_platformio_environment,Heltec_E290_repeater_observer_mqtt,heltec_e290,node_firmware,Full,True,True,False,True,True,False,True,False,False,False,False,False,Heltec_E290_repeater_observer_mqtt,Heltec_E290_repeater,Heltec_E290_repeater_observer_mqtt,exact ordinary Full group choice,full|Heltec_E290_repeater_observer_mqtt,not measured by this static routing audit
tracked_primary,raw_platformio_environment,Heltec_E290_room_server_observer_mqtt,heltec_e290,node_firmware,Full,True,True,False,True,True,False,True,False,False,False,False,False,Heltec_E290_room_server_observer_mqtt,Heltec_E290_room_server,Heltec_E290_room_server_observer_mqtt,exact ordinary Full group choice,full|Heltec_E290_room_server_observer_mqtt,not measured by this static routing audit
tracked_primary,raw_platformio_environment,heltec_rc32_without_display_repeater,heltec-rc32,node_firmware,Full,True,True,False,True,True,False,False,False,False,False,False,False,heltec_rc32_without_display_repeater,heltec_rc32_without_display_repeater,heltec_rc32_without_display_repeater_observer_mqtt,exact ordinary Full group choice,full|heltec_rc32_without_display_repeater_observer_mqtt,not measured by this static routing audit
tracked_primary,raw_platformio_environment,heltec_rc32_without_display_repeater_bridge_espnow,heltec-rc32,node_firmware,Full,False,False,False,True,True,False,True,False,False,False,False,True,heltec_rc32_without_display_repeater_bridge_espnow,heltec_rc32_without_display_repeater,heltec_rc32_without_display_repeater_observer_mqtt,exact ordinary Full group choice,full|heltec_rc32_without_display_repeater_observer_mqtt,not measured by this static routing audit
tracked_primary,raw_platformio_environment,heltec_rc32_without_display_room_server,heltec-rc32,node_firmware,Full,True,True,False,True,True,False,False,False,False,False,False,False,heltec_rc32_without_display_room_server,heltec_rc32_without_display_room_server,heltec_rc32_without_display_room_server_observer_mqtt,exact ordinary Full group choice,full|heltec_rc32_without_display_room_server_observer_mqtt,not measured by this static routing audit
tracked_primary,raw_platformio_environment,heltec_rc32_without_display_companion_radio_usb,heltec-rc32,legacy_Companion_or_transport_alias,source,False,False,False,False,False,False,False,False,False,True,False,True,heltec_rc32_without_display_companion_radio_usb,heltec_rc32_without_display_companion_radio_full,heltec_rc32_without_display_companion_radio_full,canonical replacement -> named Full Companion,auto|heltec_rc32_without_display_companion_radio_usb,not measured by this static routing audit
tracked_primary,raw_platformio_environment,heltec_rc32_without_display_companion_radio_ble,heltec-rc32,legacy_Companion_or_transport_alias,source,False,False,False,False,False,False,False,False,False,True,False,True,heltec_rc32_without_display_companion_radio_ble,heltec_rc32_without_display_companion_radio_full,heltec_rc32_without_display_companion_radio_full,canonical replacement -> named Full Companion,auto|heltec_rc32_without_display_companion_radio_ble,not measured by this static routing audit
tracked_primary,raw_platformio_environment,heltec_rc32_without_display_companion_radio_wifi,heltec-rc32,legacy_Companion_or_transport_alias,source,False,False,False,False,False,False,False,False,False,True,False,True,heltec_rc32_without_display_companion_radio_wifi,heltec_rc32_without_display_companion_radio_full,heltec_rc32_without_display_companion_radio_full,canonical replacement -> named Full Companion,auto|heltec_rc32_without_display_companion_radio_wifi,not measured by this static routing audit
tracked_primary,raw_platformio_environment,heltec_rc32_without_display_companion_radio_full,heltec-rc32,named_Full_Companion,Full,True,True,True,False,False,False,False,False,False,True,False,False,heltec_rc32_without_display_companion_radio_full,heltec_rc32_without_display_companion_radio_full,heltec_rc32_without_display_companion_radio_full,named Full Companion,full|heltec_rc32_without_display_companion_radio_full,not measured by this static routing audit
tracked_primary,raw_platformio_environment,heltec_rc32_without_display_sensor,heltec-rc32,node_firmware,Full,True,True,False,True,True,False,False,False,False,False,False,False,heltec_rc32_without_display_sensor,heltec_rc32_without_display_sensor,heltec_rc32_without_display_sensor,exact ordinary Full group choice,full|heltec_rc32_without_display_sensor,not measured by this static routing audit
tracked_primary,raw_platformio_environment,heltec_rc32_repeater,heltec-rc32,node_firmware,Full,True,True,False,True,True,False,False,False,False,False,False,False,heltec_rc32_repeater,heltec_rc32_repeater,heltec_rc32_repeater_observer_mqtt,exact ordinary Full group choice,full|heltec_rc32_repeater_observer_mqtt,not measured by this static routing audit
tracked_primary,raw_platformio_environment,heltec_rc32_repeater_bridge_espnow,heltec-rc32,node_firmware,Full,False,False,False,True,True,False,True,False,False,False,False,True,heltec_rc32_repeater_bridge_espnow,heltec_rc32_repeater,heltec_rc32_repeater_observer_mqtt,exact ordinary Full group choice,full|heltec_rc32_repeater_observer_mqtt,not measured by this static routing audit
tracked_primary,raw_platformio_environment,heltec_rc32_room_server,heltec-rc32,node_firmware,Full,True,True,False,True,True,False,False,False,False,False,False,False,heltec_rc32_room_server,heltec_rc32_room_server,heltec_rc32_room_server_observer_mqtt,exact ordinary Full group choice,full|heltec_rc32_room_server_observer_mqtt,not measured by this static routing audit
tracked_primary,raw_platformio_environment,heltec_rc32_terminal_chat,heltec-rc32,node_firmware,legacy,False,False,False,False,False,False,False,False,False,False,False,True,heltec_rc32_terminal_chat,heltec_rc32_companion_radio_full,heltec_rc32_companion_radio_full,canonical replacement -> named Full Companion,auto|heltec_rc32_terminal_chat,not measured by this static routing audit
tracked_primary,raw_platformio_environment,heltec_rc32_companion_radio_usb,heltec-rc32,legacy_Companion_or_transport_alias,source,False,False,False,False,False,False,False,False,False,True,False,True,heltec_rc32_companion_radio_usb,heltec_rc32_companion_radio_full,heltec_rc32_companion_radio_full,canonical replacement -> named Full Companion,auto|heltec_rc32_companion_radio_usb,not measured by this static routing audit
tracked_primary,raw_platformio_environment,heltec_rc32_companion_radio_ble,heltec-rc32,legacy_Companion_or_transport_alias,source,False,False,False,False,False,False,False,False,False,True,False,True,heltec_rc32_companion_radio_ble,heltec_rc32_companion_radio_full,heltec_rc32_companion_radio_full,canonical replacement -> named Full Companion,auto|heltec_rc32_companion_radio_ble,not measured by this static routing audit
tracked_primary,raw_platformio_environment,heltec_rc32_companion_radio_wifi,heltec-rc32,legacy_Companion_or_transport_alias,source,False,False,False,False,False,False,False,False,False,True,False,True,heltec_rc32_companion_radio_wifi,heltec_rc32_companion_radio_full,heltec_rc32_companion_radio_full,canonical replacement -> named Full Companion,auto|heltec_rc32_companion_radio_wifi,not measured by this static routing audit
tracked_primary,raw_platformio_environment,heltec_rc32_companion_radio_full,heltec-rc32,named_Full_Companion,Full,True,True,True,False,False,False,False,False,False,True,False,False,heltec_rc32_companion_radio_full,heltec_rc32_companion_radio_full,heltec_rc32_companion_radio_full,named Full Companion,full|heltec_rc32_companion_radio_full,not measured by this static routing audit
tracked_primary,raw_platformio_environment,heltec_rc32_sensor,heltec-rc32,node_firmware,Full,True,True,False,True,True,False,False,False,False,False,False,False,heltec_rc32_sensor,heltec_rc32_sensor,heltec_rc32_sensor,exact ordinary Full group choice,full|heltec_rc32_sensor,not measured by this static routing audit
tracked_primary,raw_platformio_environment,heltec_rc32_kiss_modem,heltec-rc32,host_modem_KISS,KISS,True,False,False,False,False,False,False,False,False,False,True,False,heltec_rc32_kiss_modem,,,,auto|heltec_rc32_kiss_modem,not measured by this static routing audit
tracked_primary,raw_platformio_environment,heltec_rc32_repeater_observer_mqtt,heltec-rc32,node_firmware,Full,True,True,False,True,True,False,True,False,False,False,False,False,heltec_rc32_repeater_observer_mqtt,heltec_rc32_repeater,heltec_rc32_repeater_observer_mqtt,exact ordinary Full group choice,full|heltec_rc32_repeater_observer_mqtt,not measured by this static routing audit
tracked_primary,raw_platformio_environment,heltec_rc32_room_server_observer_mqtt,heltec-rc32,node_firmware,Full,True,True,False,True,True,False,True,False,False,False,False,False,heltec_rc32_room_server_observer_mqtt,heltec_rc32_room_server,heltec_rc32_room_server_observer_mqtt,exact ordinary Full group choice,full|heltec_rc32_room_server_observer_mqtt,not measured by this static routing audit
tracked_primary,raw_platformio_environment,heltec_rc32_without_display_repeater_observer_mqtt,heltec-rc32,node_firmware,Full,True,True,False,True,True,False,True,False,False,False,False,False,heltec_rc32_without_display_repeater_observer_mqtt,heltec_rc32_without_display_repeater,heltec_rc32_without_display_repeater_observer_mqtt,exact ordinary Full group choice,full|heltec_rc32_without_display_repeater_observer_mqtt,not measured by this static routing audit
tracked_primary,raw_platformio_environment,heltec_rc32_without_display_room_server_observer_mqtt,heltec-rc32,node_firmware,Full,True,True,False,True,True,False,True,False,False,False,False,False,heltec_rc32_without_display_room_server_observer_mqtt,heltec_rc32_without_display_room_server,heltec_rc32_without_display_room_server_observer_mqtt,exact ordinary Full group choice,full|heltec_rc32_without_display_room_server_observer_mqtt,not measured by this static routing audit
tracked_primary,raw_platformio_environment,Heltec_T190_companion_radio_ble_,heltec_t190,legacy_Companion_or_transport_alias,source,False,False,False,False,False,False,False,False,False,True,False,True,Heltec_T190_companion_radio_ble_,Heltec_T190_companion_radio_full_,Heltec_T190_companion_radio_usb_ble_,canonical replacement -> named Full Companion,auto|Heltec_T190_companion_radio_ble_,not measured by this static routing audit
tracked_primary,raw_platformio_environment,Heltec_T190_companion_radio_usb_,heltec_t190,legacy_Companion_or_transport_alias,source,False,False,False,False,False,False,False,False,False,True,False,True,Heltec_T190_companion_radio_usb_,Heltec_T190_companion_radio_full_,Heltec_T190_companion_radio_usb_ble_,canonical replacement -> named Full Companion,auto|Heltec_T190_companion_radio_usb_,not measured by this static routing audit
tracked_primary,raw_platformio_environment,Heltec_T190_companion_radio_usb_ble_,heltec_t190,legacy_Companion_or_transport_alias,source,False,False,False,False,False,False,False,False,False,True,False,True,Heltec_T190_companion_radio_usb_ble_,Heltec_T190_companion_radio_full_,Heltec_T190_companion_radio_usb_ble_,canonical replacement -> named Full Companion,auto|Heltec_T190_companion_radio_usb_ble_,not measured by this static routing audit
tracked_primary,raw_platformio_environment,Heltec_T190_repeater_,heltec_t190,node_firmware,Full,True,True,False,True,True,False,False,False,False,False,False,False,Heltec_T190_repeater_,Heltec_T190_repeater_,Heltec_T190_repeater_observer_mqtt,exact ordinary Full group choice,full|Heltec_T190_repeater_observer_mqtt,not measured by this static routing audit
tracked_primary,raw_platformio_environment,Heltec_T190_repeater_observer_mqtt,heltec_t190,node_firmware,Full,True,True,False,True,True,False,True,False,False,False,False,False,Heltec_T190_repeater_observer_mqtt,Heltec_T190_repeater_,Heltec_T190_repeater_observer_mqtt,exact ordinary Full group choice,full|Heltec_T190_repeater_observer_mqtt,not measured by this static routing audit
tracked_primary,raw_platformio_environment,Heltec_T190_repeater_bridge_espnow_,heltec_t190,node_firmware,Full,False,False,False,True,True,False,True,False,False,False,False,True,Heltec_T190_repeater_bridge_espnow_,Heltec_T190_repeater_,Heltec_T190_repeater_observer_mqtt,exact ordinary Full group choice,full|Heltec_T190_repeater_observer_mqtt,not measured by this static routing audit
tracked_primary,raw_platformio_environment,Heltec_T190_room_server_,heltec_t190,node_firmware,Full,True,True,False,True,True,False,False,False,False,False,False,False,Heltec_T190_room_server_,Heltec_T190_room_server_,Heltec_T190_room_server_observer_mqtt,exact ordinary Full group choice,full|Heltec_T190_room_server_observer_mqtt,not measured by this static routing audit
tracked_primary,raw_platformio_environment,Heltec_T190_room_server_observer_mqtt,heltec_t190,node_firmware,Full,True,True,False,True,True,False,True,False,False,False,False,False,Heltec_T190_room_server_observer_mqtt,Heltec_T190_room_server_,Heltec_T190_room_server_observer_mqtt,exact ordinary Full group choice,full|Heltec_T190_room_server_observer_mqtt,not measured by this static routing audit
tracked_primary,raw_platformio_environment,Heltec_T190_kiss_modem,heltec_t190,host_modem_KISS,KISS,True,False,False,False,False,False,False,False,False,False,True,False,Heltec_T190_kiss_modem,,,,auto|Heltec_T190_kiss_modem,not measured by this static routing audit
tracked_primary,raw_platformio_environment,Heltec_Wireless_Tracker_companion_radio_usb,esp32-s3-devkitc-1,legacy_Companion_or_transport_alias,source,False,False,False,False,False,False,False,False,False,True,False,True,Heltec_Wireless_Tracker_companion_radio_usb,Heltec_Wireless_Tracker_companion_radio_full,Heltec_Wireless_Tracker_companion_radio_ble,canonical replacement -> named Full Companion,auto|Heltec_Wireless_Tracker_companion_radio_usb,not measured by this static routing audit
tracked_primary,raw_platformio_environment,Heltec_Wireless_Tracker_companion_radio_ble,esp32-s3-devkitc-1,legacy_Companion_or_transport_alias,source,False,False,False,False,False,False,False,False,False,True,False,True,Heltec_Wireless_Tracker_companion_radio_ble,Heltec_Wireless_Tracker_companion_radio_full,Heltec_Wireless_Tracker_companion_radio_ble,canonical replacement -> named Full Companion,auto|Heltec_Wireless_Tracker_companion_radio_ble,not measured by this static routing audit
tracked_primary,raw_platformio_environment,Heltec_Wireless_Tracker_companion_radio_ble_ps,esp32-s3-devkitc-1,legacy_Companion_or_transport_alias,source,False,False,False,False,False,False,False,True,False,True,False,True,Heltec_Wireless_Tracker_companion_radio_ble_ps,Heltec_Wireless_Tracker_companion_radio_full,Heltec_Wireless_Tracker_companion_radio_ble,saved powersave alias -> canonical replacement -> named Full Companion,auto|Heltec_Wireless_Tracker_companion_radio_ble_ps,not measured by this static routing audit
tracked_primary,raw_platformio_environment,Heltec_Wireless_Tracker_repeater,esp32-s3-devkitc-1,node_firmware,Full,True,True,False,True,True,False,False,False,False,False,False,False,Heltec_Wireless_Tracker_repeater,Heltec_Wireless_Tracker_repeater,Heltec_Wireless_Tracker_repeater_observer_mqtt,exact ordinary Full group choice,full|Heltec_Wireless_Tracker_repeater_observer_mqtt,not measured by this static routing audit
tracked_primary,raw_platformio_environment,Heltec_Wireless_Tracker_repeater_bridge_espnow,esp32-s3-devkitc-1,node_firmware,Full,False,False,False,True,True,False,True,False,False,False,False,True,Heltec_Wireless_Tracker_repeater_bridge_espnow,Heltec_Wireless_Tracker_repeater,Heltec_Wireless_Tracker_repeater_observer_mqtt,exact ordinary Full group choice,full|Heltec_Wireless_Tracker_repeater_observer_mqtt,not measured by this static routing audit
tracked_primary,raw_platformio_environment,Heltec_Wireless_Tracker_room_server,esp32-s3-devkitc-1,node_firmware,Full,True,True,False,True,True,False,False,False,False,False,False,False,Heltec_Wireless_Tracker_room_server,Heltec_Wireless_Tracker_room_server,Heltec_Wireless_Tracker_room_server_observer_mqtt,exact ordinary Full group choice,full|Heltec_Wireless_Tracker_room_server_observer_mqtt,not measured by this static routing audit
tracked_primary,raw_platformio_environment,Heltec_Wireless_Tracker_kiss_modem,esp32-s3-devkitc-1,host_modem_KISS,KISS,True,False,False,False,False,False,False,False,False,False,True,False,Heltec_Wireless_Tracker_kiss_modem,,,,auto|Heltec_Wireless_Tracker_kiss_modem,not measured by this static routing audit
tracked_primary,raw_platformio_environment,Heltec_Wireless_Tracker_repeater_observer_mqtt,esp32-s3-devkitc-1,node_firmware,Full,True,True,False,True,True,False,True,False,False,False,False,False,Heltec_Wireless_Tracker_repeater_observer_mqtt,Heltec_Wireless_Tracker_repeater,Heltec_Wireless_Tracker_repeater_observer_mqtt,exact ordinary Full group choice,full|Heltec_Wireless_Tracker_repeater_observer_mqtt,not measured by this static routing audit
tracked_primary,raw_platformio_environment,Heltec_Wireless_Tracker_room_server_observer_mqtt,esp32-s3-devkitc-1,node_firmware,Full,True,True,False,True,True,False,True,False,False,False,False,False,Heltec_Wireless_Tracker_room_server_observer_mqtt,Heltec_Wireless_Tracker_room_server,Heltec_Wireless_Tracker_room_server_observer_mqtt,exact ordinary Full group choice,full|Heltec_Wireless_Tracker_room_server_observer_mqtt,not measured by this static routing audit
tracked_primary,raw_platformio_environment,heltec_tracker_v2_repeater,heltec_tracker_v2,node_firmware,Full,True,True,False,True,True,False,False,False,False,False,False,False,heltec_tracker_v2_repeater,heltec_tracker_v2_repeater,heltec_tracker_v2_repeater_observer_mqtt,exact ordinary Full group choice,full|heltec_tracker_v2_repeater_observer_mqtt,not measured by this static routing audit
tracked_primary,raw_platformio_environment,heltec_tracker_v2_repeater_bridge_espnow,heltec_tracker_v2,node_firmware,Full,False,False,False,True,True,False,True,False,False,False,False,True,heltec_tracker_v2_repeater_bridge_espnow,heltec_tracker_v2_repeater,heltec_tracker_v2_repeater_observer_mqtt,exact ordinary Full group choice,full|heltec_tracker_v2_repeater_observer_mqtt,not measured by this static routing audit
tracked_primary,raw_platformio_environment,heltec_tracker_v2_room_server,heltec_tracker_v2,node_firmware,Full,True,True,False,True,True,False,False,False,False,False,False,False,heltec_tracker_v2_room_server,heltec_tracker_v2_room_server,heltec_tracker_v2_room_server_observer_mqtt,exact ordinary Full group choice,full|heltec_tracker_v2_room_server_observer_mqtt,not measured by this static routing audit
tracked_primary,raw_platformio_environment,heltec_tracker_v1_1_repeater_observer_mqtt,heltec_tracker_v1_1,node_firmware,Full,True,True,False,True,True,False,True,False,False,False,False,False,heltec_tracker_v1_1_repeater_observer_mqtt,heltec_tracker_v1_1_repeater_observer_mqtt,heltec_tracker_v1_1_repeater_observer_mqtt,exact ordinary Full group choice,full|heltec_tracker_v1_1_repeater_observer_mqtt,not measured by this static routing audit
tracked_primary,raw_platformio_environment,heltec_tracker_v2_repeater_observer_mqtt,heltec_tracker_v2,node_firmware,Full,True,True,False,True,True,False,True,False,False,False,False,False,heltec_tracker_v2_repeater_observer_mqtt,heltec_tracker_v2_repeater,heltec_tracker_v2_repeater_observer_mqtt,exact ordinary Full group choice,full|heltec_tracker_v2_repeater_observer_mqtt,not measured by this static routing audit
tracked_primary,raw_platformio_environment,heltec_tracker_v1_1_room_server_observer_mqtt,heltec_tracker_v1_1,node_firmware,Full,True,True,False,True,True,False,True,False,False,False,False,False,heltec_tracker_v1_1_room_server_observer_mqtt,heltec_tracker_v1_1_room_server_observer_mqtt,heltec_tracker_v1_1_room_server_observer_mqtt,exact ordinary Full group choice,full|heltec_tracker_v1_1_room_server_observer_mqtt,not measured by this static routing audit
tracked_primary,raw_platformio_environment,heltec_tracker_v2_room_server_observer_mqtt,heltec_tracker_v2,node_firmware,Full,True,True,False,True,True,False,True,False,False,False,False,False,heltec_tracker_v2_room_server_observer_mqtt,heltec_tracker_v2_room_server,heltec_tracker_v2_room_server_observer_mqtt,exact ordinary Full group choice,full|heltec_tracker_v2_room_server_observer_mqtt,not measured by this static routing audit
tracked_primary,raw_platformio_environment,heltec_tracker_v2_terminal_chat,heltec_tracker_v2,node_firmware,legacy,False,False,False,False,False,False,False,False,False,False,False,True,heltec_tracker_v2_terminal_chat,heltec_tracker_v2_companion_radio_full_femon,heltec_tracker_v2_companion_radio_full_femon,canonical replacement -> named Full Companion,auto|heltec_tracker_v2_terminal_chat,not measured by this static routing audit
tracked_primary,raw_platformio_environment,heltec_tracker_v2_companion_radio_usb_femon,heltec_tracker_v2,legacy_Companion_or_transport_alias,source,False,False,False,False,False,False,False,False,False,True,False,True,heltec_tracker_v2_companion_radio_usb_femon,heltec_tracker_v2_companion_radio_full_femon,heltec_tracker_v2_companion_radio_full_femon,canonical replacement -> named Full Companion,auto|heltec_tracker_v2_companion_radio_usb_femon,not measured by this static routing audit
tracked_primary,raw_platformio_environment,heltec_tracker_v2_companion_radio_usb_femoff,heltec_tracker_v2,legacy_Companion_or_transport_alias,source,False,False,False,False,False,False,False,True,False,True,False,True,heltec_tracker_v2_companion_radio_usb_femoff,heltec_tracker_v2_companion_radio_full_femon,heltec_tracker_v2_companion_radio_full_femon,canonical replacement -> named Full Companion,auto|heltec_tracker_v2_companion_radio_usb_femoff,not measured by this static routing audit
tracked_primary,raw_platformio_environment,heltec_tracker_v2_companion_radio_ble_femon,heltec_tracker_v2,legacy_Companion_or_transport_alias,source,False,False,False,False,False,False,False,False,False,True,False,True,heltec_tracker_v2_companion_radio_ble_femon,heltec_tracker_v2_companion_radio_full_femon,heltec_tracker_v2_companion_radio_full_femon,canonical replacement -> named Full Companion,auto|heltec_tracker_v2_companion_radio_ble_femon,not measured by this static routing audit
tracked_primary,raw_platformio_environment,heltec_tracker_v2_companion_radio_ble_femoff,heltec_tracker_v2,legacy_Companion_or_transport_alias,source,False,False,False,False,False,False,False,True,False,True,False,True,heltec_tracker_v2_companion_radio_ble_femoff,heltec_tracker_v2_companion_radio_full_femon,heltec_tracker_v2_companion_radio_full_femon,canonical replacement -> named Full Companion,auto|heltec_tracker_v2_companion_radio_ble_femoff,not measured by this static routing audit
tracked_primary,raw_platformio_environment,heltec_tracker_v2_companion_radio_wifi_femon,heltec_tracker_v2,legacy_Companion_or_transport_alias,source,False,False,False,False,False,False,False,False,False,True,False,True,heltec_tracker_v2_companion_radio_wifi_femon,heltec_tracker_v2_companion_radio_full_femon,heltec_tracker_v2_companion_radio_full_femon,canonical replacement -> named Full Companion,auto|heltec_tracker_v2_companion_radio_wifi_femon,not measured by this static routing audit
tracked_primary,raw_platformio_environment,heltec_tracker_v2_companion_radio_full_femon,heltec_tracker_v2,named_Full_Companion,Full,True,True,True,False,False,False,False,False,False,True,False,False,heltec_tracker_v2_companion_radio_full_femon,heltec_tracker_v2_companion_radio_full_femon,heltec_tracker_v2_companion_radio_full_femon,named Full Companion,full|heltec_tracker_v2_companion_radio_full_femon,not measured by this static routing audit
tracked_primary,raw_platformio_environment,heltec_tracker_v2_companion_radio_wifi_femoff,heltec_tracker_v2,legacy_Companion_or_transport_alias,source,False,False,False,False,False,False,False,True,False,True,False,True,heltec_tracker_v2_companion_radio_wifi_femoff,heltec_tracker_v2_companion_radio_full_femon,heltec_tracker_v2_companion_radio_full_femon,canonical runtime FEM alias -> named Full Companion,auto|heltec_tracker_v2_companion_radio_wifi_femoff,not measured by this static routing audit
tracked_primary,raw_platformio_environment,heltec_tracker_v2_sensor,heltec_tracker_v2,node_firmware,Full,True,True,False,True,True,False,False,False,False,False,False,False,heltec_tracker_v2_sensor,heltec_tracker_v2_sensor,heltec_tracker_v2_sensor,exact ordinary Full group choice,full|heltec_tracker_v2_sensor,not measured by this static routing audit
tracked_primary,raw_platformio_environment,heltec_tracker_v2_kiss_modem,heltec_tracker_v2,host_modem_KISS,KISS,True,False,False,False,False,False,False,False,False,False,True,False,heltec_tracker_v2_kiss_modem,,,,auto|heltec_tracker_v2_kiss_modem,not measured by this static routing audit
tracked_primary,raw_platformio_environment,Heltec_v2_repeater,heltec_wifi_lora_32_V2,node_firmware,Full,True,True,False,True,True,False,False,False,False,False,False,False,Heltec_v2_repeater,Heltec_v2_repeater,Heltec_v2_repeater,exact ordinary Full group choice,full|Heltec_v2_repeater,not measured by this static routing audit
tracked_primary,raw_platformio_environment,Heltec_v2_repeater_bridge_espnow,heltec_wifi_lora_32_V2,node_firmware,Full,False,False,False,True,True,False,True,False,False,False,False,True,Heltec_v2_repeater_bridge_espnow,Heltec_v2_repeater,Heltec_v2_repeater,exact ordinary Full group choice,full|Heltec_v2_repeater_bridge_espnow,not measured by this static routing audit
tracked_primary,raw_platformio_environment,Heltec_v2_room_server,heltec_wifi_lora_32_V2,node_firmware,Full,True,True,False,True,True,False,False,False,False,False,False,False,Heltec_v2_room_server,Heltec_v2_room_server,Heltec_v2_room_server,exact ordinary Full group choice,full|Heltec_v2_room_server,not measured by this static routing audit
tracked_primary,raw_platformio_environment,Heltec_v2_terminal_chat,heltec_wifi_lora_32_V2,node_firmware,legacy,False,False,False,False,False,False,False,False,False,False,False,True,Heltec_v2_terminal_chat,Heltec_v2_companion_radio_full,Heltec_v2_companion_radio_wifi,canonical replacement -> named Full Companion,auto|Heltec_v2_terminal_chat,not measured by this static routing audit
tracked_primary,raw_platformio_environment,Heltec_v2_companion_radio_usb,heltec_wifi_lora_32_V2,legacy_Companion_or_transport_alias,source,False,False,False,False,False,False,False,False,False,True,False,True,Heltec_v2_companion_radio_usb,Heltec_v2_companion_radio_full,Heltec_v2_companion_radio_wifi,canonical replacement -> named Full Companion,auto|Heltec_v2_companion_radio_usb,not measured by this static routing audit
tracked_primary,raw_platformio_environment,Heltec_v2_companion_radio_ble,heltec_wifi_lora_32_V2,legacy_Companion_or_transport_alias,source,False,False,False,False,False,False,False,False,False,True,False,True,Heltec_v2_companion_radio_ble,Heltec_v2_companion_radio_full,Heltec_v2_companion_radio_wifi,canonical replacement -> named Full Companion,auto|Heltec_v2_companion_radio_ble,not measured by this static routing audit
tracked_primary,raw_platformio_environment,Heltec_v2_companion_radio_ble_ps,heltec_wifi_lora_32_V2,legacy_Companion_or_transport_alias,source,False,False,False,False,False,False,False,True,False,True,False,True,Heltec_v2_companion_radio_ble_ps,Heltec_v2_companion_radio_full,Heltec_v2_companion_radio_wifi,saved powersave alias -> canonical replacement -> named Full Companion,auto|Heltec_v2_companion_radio_ble_ps,not measured by this static routing audit
tracked_primary,raw_platformio_environment,Heltec_v2_companion_radio_wifi,heltec_wifi_lora_32_V2,legacy_Companion_or_transport_alias,Full,False,False,False,True,True,False,False,False,False,True,False,True,Heltec_v2_companion_radio_wifi,Heltec_v2_companion_radio_full,Heltec_v2_companion_radio_wifi,canonical replacement -> named Full Companion,full|Heltec_v2_companion_radio_wifi,not measured by this static routing audit
tracked_primary,raw_platformio_environment,Heltec_v2_kiss_modem,heltec_wifi_lora_32_V2,host_modem_KISS,KISS,True,False,False,False,False,False,False,False,False,False,True,False,Heltec_v2_kiss_modem,,,,auto|Heltec_v2_kiss_modem,not measured by this static routing audit
tracked_primary,raw_platformio_environment,Heltec_v3_repeater,esp32-s3-devkitc-1,node_firmware,Full,True,True,False,True,True,False,False,False,False,False,False,False,Heltec_v3_repeater,Heltec_v3_repeater,Heltec_v3_repeater_observer_mqtt,exact ordinary Full group choice,full|Heltec_v3_repeater_observer_mqtt,not measured by this static routing audit
tracked_primary,raw_platformio_environment,Heltec_v3_repeater_bridge_rs232,esp32-s3-devkitc-1,node_firmware,Full,False,False,False,True,True,False,False,False,False,False,False,True,Heltec_v3_repeater_bridge_rs232,Heltec_v3_repeater,Heltec_v3_repeater_observer_mqtt,canonical replacement -> exact ordinary Full group choice,full|Heltec_v3_repeater_bridge_rs232,not measured by this static routing audit
tracked_primary,raw_platformio_environment,Heltec_v3_repeater_bridge_espnow,esp32-s3-devkitc-1,node_firmware,Full,False,False,False,True,True,False,True,False,False,False,False,True,Heltec_v3_repeater_bridge_espnow,Heltec_v3_repeater,Heltec_v3_repeater_observer_mqtt,exact ordinary Full group choice,full|Heltec_v3_repeater_observer_mqtt,not measured by this static routing audit
tracked_primary,raw_platformio_environment,Heltec_v3_repeater_observer_mqtt,esp32-s3-devkitc-1,node_firmware,Full,True,True,False,True,True,False,True,False,False,False,False,False,Heltec_v3_repeater_observer_mqtt,Heltec_v3_repeater,Heltec_v3_repeater_observer_mqtt,exact ordinary Full group choice,full|Heltec_v3_repeater_observer_mqtt,not measured by this static routing audit
tracked_primary,raw_platformio_environment,Heltec_v3_repeater_observer_mqtt_sim,esp32-s3-devkitc-1,development_or_migration_utility,source,False,False,False,True,True,False,True,False,False,False,False,True,Heltec_v3_repeater_observer_mqtt_sim,,,,full|Heltec_v3_repeater_observer_mqtt_sim,not measured by this static routing audit
tracked_primary,raw_platformio_environment,Heltec_v3_room_server,esp32-s3-devkitc-1,node_firmware,Full,True,True,False,True,True,False,False,False,False,False,False,False,Heltec_v3_room_server,Heltec_v3_room_server,Heltec_v3_room_server_observer_mqtt,exact ordinary Full group choice,full|Heltec_v3_room_server_observer_mqtt,not measured by this static routing audit
tracked_primary,raw_platformio_environment,Heltec_v3_room_server_observer_mqtt,esp32-s3-devkitc-1,node_firmware,Full,True,True,False,True,True,False,True,False,False,False,False,False,Heltec_v3_room_server_observer_mqtt,Heltec_v3_room_server,Heltec_v3_room_server_observer_mqtt,exact ordinary Full group choice,full|Heltec_v3_room_server_observer_mqtt,not measured by this static routing audit
tracked_primary,raw_platformio_environment,Heltec_v3_terminal_chat,esp32-s3-devkitc-1,node_firmware,legacy,False,False,False,False,False,False,False,False,False,False,False,True,Heltec_v3_terminal_chat,Heltec_v3_companion_radio_full,Heltec_v3_companion_radio_full,canonical replacement -> named Full Companion,auto|Heltec_v3_terminal_chat,not measured by this static routing audit
tracked_primary,raw_platformio_environment,Heltec_v3_companion_radio_usb,esp32-s3-devkitc-1,legacy_Companion_or_transport_alias,source,False,False,False,False,False,False,False,False,False,True,False,True,Heltec_v3_companion_radio_usb,Heltec_v3_companion_radio_full,Heltec_v3_companion_radio_full,canonical replacement -> named Full Companion,auto|Heltec_v3_companion_radio_usb,not measured by this static routing audit
tracked_primary,raw_platformio_environment,Heltec_v3_companion_radio_ble,esp32-s3-devkitc-1,legacy_Companion_or_transport_alias,source,False,False,False,False,False,False,False,False,False,True,False,True,Heltec_v3_companion_radio_ble,Heltec_v3_companion_radio_full,Heltec_v3_companion_radio_full,canonical replacement -> named Full Companion,auto|Heltec_v3_companion_radio_ble,not measured by this static routing audit
tracked_primary,raw_platformio_environment,Heltec_v3_companion_radio_ble_ps,esp32-s3-devkitc-1,legacy_Companion_or_transport_alias,source,False,False,False,False,False,False,False,True,False,True,False,True,Heltec_v3_companion_radio_ble_ps,Heltec_v3_companion_radio_full,Heltec_v3_companion_radio_full,saved powersave alias -> canonical replacement -> named Full Companion,auto|Heltec_v3_companion_radio_ble_ps,not measured by this static routing audit
tracked_primary,raw_platformio_environment,Heltec_v3_companion_radio_wifi,esp32-s3-devkitc-1,legacy_Companion_or_transport_alias,source,False,False,False,False,False,False,False,False,False,True,False,True,Heltec_v3_companion_radio_wifi,Heltec_v3_companion_radio_full,Heltec_v3_companion_radio_full,canonical replacement -> named Full Companion,auto|Heltec_v3_companion_radio_wifi,not measured by this static routing audit
tracked_primary,raw_platformio_environment,Heltec_v3_companion_radio_wifi_mqtt,esp32-s3-devkitc-1,legacy_Companion_or_transport_alias,source,False,False,False,False,False,False,False,False,False,True,False,True,Heltec_v3_companion_radio_wifi_mqtt,Heltec_v3_companion_radio_full,Heltec_v3_companion_radio_full,canonical replacement -> named Full Companion,auto|Heltec_v3_companion_radio_wifi_mqtt,not measured by this static routing audit
tracked_primary,raw_platformio_environment,Heltec_v3_companion_radio_full,esp32-s3-devkitc-1,named_Full_Companion,Full,True,True,True,False,False,False,False,False,False,True,False,False,Heltec_v3_companion_radio_full,Heltec_v3_companion_radio_full,Heltec_v3_companion_radio_full,named Full Companion,full|Heltec_v3_companion_radio_full,not measured by this static routing audit
tracked_primary,raw_platformio_environment,Heltec_v3_sensor,esp32-s3-devkitc-1,node_firmware,Full,True,True,False,True,True,False,False,False,False,False,False,False,Heltec_v3_sensor,Heltec_v3_sensor,Heltec_v3_sensor,exact ordinary Full group choice,full|Heltec_v3_sensor,not measured by this static routing audit
tracked_primary,raw_platformio_environment,Heltec_WSL3_repeater,esp32-s3-devkitc-1,node_firmware,Full,True,True,False,True,True,False,False,False,False,False,False,False,Heltec_WSL3_repeater,Heltec_WSL3_repeater,Heltec_WSL3_repeater_observer_mqtt,exact ordinary Full group choice,full|Heltec_WSL3_repeater_observer_mqtt,not measured by this static routing audit
tracked_primary,raw_platformio_environment,Heltec_WSL3_repeater_bridge_rs232,esp32-s3-devkitc-1,node_firmware,Full,False,False,False,True,True,False,False,False,False,False,False,True,Heltec_WSL3_repeater_bridge_rs232,Heltec_WSL3_repeater,Heltec_WSL3_repeater_observer_mqtt,canonical replacement -> exact ordinary Full group choice,full|Heltec_WSL3_repeater_bridge_rs232,not measured by this static routing audit
tracked_primary,raw_platformio_environment,Heltec_WSL3_repeater_bridge_espnow,esp32-s3-devkitc-1,node_firmware,Full,False,False,False,True,True,False,True,False,False,False,False,True,Heltec_WSL3_repeater_bridge_espnow,Heltec_WSL3_repeater,Heltec_WSL3_repeater_observer_mqtt,exact ordinary Full group choice,full|Heltec_WSL3_repeater_observer_mqtt,not measured by this static routing audit
tracked_primary,raw_platformio_environment,Heltec_WSL3_room_server,esp32-s3-devkitc-1,node_firmware,Full,True,True,False,True,True,False,False,False,False,False,False,False,Heltec_WSL3_room_server,Heltec_WSL3_room_server,Heltec_WSL3_room_server_observer_mqtt,exact ordinary Full group choice,full|Heltec_WSL3_room_server_observer_mqtt,not measured by this static routing audit
tracked_primary,raw_platformio_environment,Heltec_WSL3_companion_radio_ble,esp32-s3-devkitc-1,legacy_Companion_or_transport_alias,source,False,False,False,False,False,False,False,False,False,True,False,True,Heltec_WSL3_companion_radio_ble,Heltec_WSL3_companion_radio_full,Heltec_WSL3_companion_radio_wifi,canonical replacement -> named Full Companion,auto|Heltec_WSL3_companion_radio_ble,not measured by this static routing audit
tracked_primary,raw_platformio_environment,Heltec_WSL3_companion_radio_ble_ps,esp32-s3-devkitc-1,legacy_Companion_or_transport_alias,source,False,False,False,False,False,False,False,True,False,True,False,True,Heltec_WSL3_companion_radio_ble_ps,Heltec_WSL3_companion_radio_full,Heltec_WSL3_companion_radio_wifi,saved powersave alias -> canonical replacement -> named Full Companion,auto|Heltec_WSL3_companion_radio_ble_ps,not measured by this static routing audit
tracked_primary,raw_platformio_environment,Heltec_WSL3_companion_radio_usb,esp32-s3-devkitc-1,legacy_Companion_or_transport_alias,source,False,False,False,False,False,False,False,False,False,True,False,True,Heltec_WSL3_companion_radio_usb,Heltec_WSL3_companion_radio_full,Heltec_WSL3_companion_radio_wifi,canonical replacement -> named Full Companion,auto|Heltec_WSL3_companion_radio_usb,not measured by this static routing audit
tracked_primary,raw_platformio_environment,Heltec_WSL3_companion_radio_wifi,esp32-s3-devkitc-1,legacy_Companion_or_transport_alias,source,False,False,False,False,False,False,False,False,False,True,False,True,Heltec_WSL3_companion_radio_wifi,Heltec_WSL3_companion_radio_full,Heltec_WSL3_companion_radio_wifi,canonical replacement -> named Full Companion,auto|Heltec_WSL3_companion_radio_wifi,not measured by this static routing audit
tracked_primary,raw_platformio_environment,Heltec_WSL3_sensor,esp32-s3-devkitc-1,node_firmware,Full,True,True,False,True,True,False,False,False,False,False,False,False,Heltec_WSL3_sensor,Heltec_WSL3_sensor,Heltec_WSL3_sensor,exact ordinary Full group choice,full|Heltec_WSL3_sensor,not measured by this static routing audit
tracked_primary,raw_platformio_environment,Heltec_WSL3_repeater_observer_mqtt,esp32-s3-devkitc-1,node_firmware,Full,True,True,False,True,True,False,True,False,False,False,False,False,Heltec_WSL3_repeater_observer_mqtt,Heltec_WSL3_repeater,Heltec_WSL3_repeater_observer_mqtt,exact ordinary Full group choice,full|Heltec_WSL3_repeater_observer_mqtt,not measured by this static routing audit
tracked_primary,raw_platformio_environment,Heltec_WSL3_room_server_observer_mqtt,esp32-s3-devkitc-1,node_firmware,Full,True,True,False,True,True,False,True,False,False,False,False,False,Heltec_WSL3_room_server_observer_mqtt,Heltec_WSL3_room_server,Heltec_WSL3_room_server_observer_mqtt,exact ordinary Full group choice,full|Heltec_WSL3_room_server_observer_mqtt,not measured by this static routing audit
tracked_primary,raw_platformio_environment,Heltec_v3_kiss_modem,esp32-s3-devkitc-1,host_modem_KISS,KISS,True,False,False,False,False,False,False,False,False,False,True,False,Heltec_v3_kiss_modem,,,,auto|Heltec_v3_kiss_modem,not measured by this static routing audit
tracked_primary,raw_platformio_environment,heltec_v4_repeater,heltec_v4,node_firmware,Full,True,True,False,True,True,False,False,False,False,False,False,False,heltec_v4_repeater,heltec_v4_repeater,heltec_v4_repeater_observer_mqtt,exact ordinary Full group choice,full|heltec_v4_repeater_observer_mqtt,not measured by this static routing audit
tracked_primary,raw_platformio_environment,heltec_v4_repeater_legacy_partition_test,heltec_v4,development_or_migration_utility,source,False,False,False,True,False,False,False,False,False,False,False,True,heltec_v4_repeater_legacy_partition_test,,,,full|heltec_v4_repeater_legacy_partition_test,not measured by this static routing audit
tracked_primary,raw_platformio_environment,heltec_v4_expansionkit_repeater,heltec_v4,node_firmware,Full,True,True,False,True,True,False,False,False,False,False,False,False,heltec_v4_expansionkit_repeater,heltec_v4_expansionkit_repeater,heltec_v4_expansionkit_repeater_observer_mqtt,exact ordinary Full group choice,full|heltec_v4_expansionkit_repeater_observer_mqtt,not measured by this static routing audit
tracked_primary,raw_platformio_environment,heltec_v4_repeater_bridge_espnow,heltec_v4,node_firmware,Full,False,False,False,True,True,False,True,False,False,False,False,True,heltec_v4_repeater_bridge_espnow,heltec_v4_repeater,heltec_v4_repeater_observer_mqtt,exact ordinary Full group choice,full|heltec_v4_repeater_observer_mqtt,not measured by this static routing audit
tracked_primary,raw_platformio_environment,heltec_v4_repeater_observer_mqtt,heltec_v4,node_firmware,Full,True,True,False,True,True,False,True,False,False,False,False,False,heltec_v4_repeater_observer_mqtt,heltec_v4_repeater,heltec_v4_repeater_observer_mqtt,exact ordinary Full group choice,full|heltec_v4_repeater_observer_mqtt,not measured by this static routing audit
tracked_primary,raw_platformio_environment,heltec_v4_expansionkit_repeater_observer_mqtt,heltec_v4,node_firmware,Full,True,True,False,True,True,False,True,False,False,False,False,False,heltec_v4_expansionkit_repeater_observer_mqtt,heltec_v4_expansionkit_repeater,heltec_v4_expansionkit_repeater_observer_mqtt,exact ordinary Full group choice,full|heltec_v4_expansionkit_repeater_observer_mqtt,not measured by this static routing audit
tracked_primary,raw_platformio_environment,heltec_v4_room_server_observer_mqtt,heltec_v4,node_firmware,Full,True,True,False,True,True,False,True,False,False,False,False,False,heltec_v4_room_server_observer_mqtt,heltec_v4_room_server,heltec_v4_room_server_observer_mqtt,exact ordinary Full group choice,full|heltec_v4_room_server_observer_mqtt,not measured by this static routing audit
tracked_primary,raw_platformio_environment,heltec_v4_expansionkit_room_server_observer_mqtt,heltec_v4,node_firmware,Full,True,True,False,True,True,False,True,False,False,False,False,False,heltec_v4_expansionkit_room_server_observer_mqtt,heltec_v4_expansionkit_room_server_observer_mqtt,heltec_v4_expansionkit_room_server_observer_mqtt,exact ordinary Full group choice,full|heltec_v4_expansionkit_room_server_observer_mqtt,not measured by this static routing audit
tracked_primary,raw_platformio_environment,heltec_v4_room_server,heltec_v4,node_firmware,Full,True,True,False,True,True,False,False,False,False,False,False,False,heltec_v4_room_server,heltec_v4_room_server,heltec_v4_room_server_observer_mqtt,exact ordinary Full group choice,full|heltec_v4_room_server_observer_mqtt,not measured by this static routing audit
tracked_primary,raw_platformio_environment,heltec_v4_terminal_chat,heltec_v4,node_firmware,legacy,False,False,False,False,False,False,False,False,False,False,False,True,heltec_v4_terminal_chat,heltec_v4_2_v4_3_companion_radio_full_femon,heltec_v4_2_v4_3_companion_radio_full_femon,canonical replacement -> named Full Companion,auto|heltec_v4_terminal_chat,not measured by this static routing audit
tracked_primary,raw_platformio_environment,heltec_v4_companion_radio_usb_femon,heltec_v4,legacy_Companion_or_transport_alias,source,False,False,False,False,False,False,False,True,False,True,False,True,heltec_v4_companion_radio_usb_femon,heltec_v4_2_v4_3_companion_radio_full_femon,heltec_v4_2_v4_3_companion_radio_full_femon,canonical replacement -> named Full Companion,auto|heltec_v4_companion_radio_usb_femon,not measured by this static routing audit
tracked_primary,raw_platformio_environment,heltec_v4_3_companion_radio_usb_femoff,heltec_v4,legacy_Companion_or_transport_alias,source,False,False,False,False,False,False,False,True,False,True,False,True,heltec_v4_3_companion_radio_usb_femoff,heltec_v4_2_v4_3_companion_radio_full_femon,heltec_v4_2_v4_3_companion_radio_full_femon,canonical replacement -> named Full Companion,auto|heltec_v4_3_companion_radio_usb_femoff,not measured by this static routing audit
tracked_primary,raw_platformio_environment,heltec_v4_companion_radio_usb,heltec_v4,legacy_Companion_or_transport_alias,source,False,False,False,False,False,False,False,False,False,True,False,True,heltec_v4_companion_radio_usb,heltec_v4_2_v4_3_companion_radio_full_femon,heltec_v4_2_v4_3_companion_radio_full_femon,canonical replacement -> named Full Companion,auto|heltec_v4_companion_radio_usb,not measured by this static routing audit
tracked_primary,raw_platformio_environment,heltec_v4_companion_radio_usb_ps_femon,heltec_v4,legacy_Companion_or_transport_alias,source,False,False,False,False,False,False,False,True,False,True,False,True,heltec_v4_companion_radio_usb_ps_femon,heltec_v4_2_v4_3_companion_radio_full_femon,heltec_v4_2_v4_3_companion_radio_full_femon,canonical replacement -> named Full Companion,auto|heltec_v4_companion_radio_usb_ps_femon,not measured by this static routing audit
tracked_primary,raw_platformio_environment,heltec_v4_companion_radio_usb_ps_femoff,heltec_v4,legacy_Companion_or_transport_alias,source,False,False,False,False,False,False,False,True,False,True,False,True,heltec_v4_companion_radio_usb_ps_femoff,heltec_v4_2_v4_3_companion_radio_full_femon,heltec_v4_2_v4_3_companion_radio_full_femon,canonical replacement -> named Full Companion,auto|heltec_v4_companion_radio_usb_ps_femoff,not measured by this static routing audit
tracked_primary,raw_platformio_environment,heltec_v4_companion_radio_ble_femon,heltec_v4,legacy_Companion_or_transport_alias,source,False,False,False,False,False,False,False,True,False,True,False,True,heltec_v4_companion_radio_ble_femon,heltec_v4_2_v4_3_companion_radio_full_femon,heltec_v4_2_v4_3_companion_radio_full_femon,canonical replacement -> named Full Companion,auto|heltec_v4_companion_radio_ble_femon,not measured by this static routing audit
tracked_primary,raw_platformio_environment,heltec_v4_3_companion_radio_ble_femoff,heltec_v4,legacy_Companion_or_transport_alias,source,False,False,False,False,False,False,False,True,False,True,False,True,heltec_v4_3_companion_radio_ble_femoff,heltec_v4_2_v4_3_companion_radio_full_femon,heltec_v4_2_v4_3_companion_radio_full_femon,canonical replacement -> named Full Companion,auto|heltec_v4_3_companion_radio_ble_femoff,not measured by this static routing audit
tracked_primary,raw_platformio_environment,heltec_v4_companion_radio_ble,heltec_v4,legacy_Companion_or_transport_alias,source,False,False,False,False,False,False,False,False,False,True,False,True,heltec_v4_companion_radio_ble,heltec_v4_2_v4_3_companion_radio_full_femon,heltec_v4_2_v4_3_companion_radio_full_femon,canonical replacement -> named Full Companion,auto|heltec_v4_companion_radio_ble,not measured by this static routing audit
tracked_primary,raw_platformio_environment,heltec_v4_companion_radio_ble_ps_femon,heltec_v4,legacy_Companion_or_transport_alias,source,False,False,False,False,False,False,False,True,False,True,False,True,heltec_v4_companion_radio_ble_ps_femon,heltec_v4_2_v4_3_companion_radio_full_femon,heltec_v4_2_v4_3_companion_radio_full_femon,canonical replacement -> named Full Companion,auto|heltec_v4_companion_radio_ble_ps_femon,not measured by this static routing audit
tracked_primary,raw_platformio_environment,heltec_v4_3_companion_radio_ble_ps_femoff,heltec_v4,legacy_Companion_or_transport_alias,source,False,False,False,False,False,False,False,True,False,True,False,True,heltec_v4_3_companion_radio_ble_ps_femoff,heltec_v4_2_v4_3_companion_radio_full_femon,heltec_v4_2_v4_3_companion_radio_full_femon,canonical replacement -> named Full Companion,auto|heltec_v4_3_companion_radio_ble_ps_femoff,not measured by this static routing audit
tracked_primary,raw_platformio_environment,heltec_v4_companion_radio_wifi_femon,heltec_v4,legacy_Companion_or_transport_alias,source,False,False,False,False,False,False,False,False,False,True,False,True,heltec_v4_companion_radio_wifi_femon,heltec_v4_2_v4_3_companion_radio_full_femon,heltec_v4_2_v4_3_companion_radio_full_femon,canonical replacement -> named Full Companion,auto|heltec_v4_companion_radio_wifi_femon,not measured by this static routing audit
tracked_primary,raw_platformio_environment,heltec_v4_3_companion_radio_wifi_femoff,heltec_v4,legacy_Companion_or_transport_alias,source,False,False,False,False,False,False,False,True,False,True,False,True,heltec_v4_3_companion_radio_wifi_femoff,heltec_v4_2_v4_3_companion_radio_full_femon,heltec_v4_2_v4_3_companion_radio_full_femon,canonical replacement -> named Full Companion,auto|heltec_v4_3_companion_radio_wifi_femoff,not measured by this static routing audit
tracked_primary,raw_platformio_environment,heltec_v4_companion_radio_wifi_mqtt_femon,heltec_v4,legacy_Companion_or_transport_alias,source,False,False,False,False,False,False,False,False,False,True,False,True,heltec_v4_companion_radio_wifi_mqtt_femon,heltec_v4_2_v4_3_companion_radio_full_femon,heltec_v4_2_v4_3_companion_radio_full_femon,canonical replacement -> named Full Companion,auto|heltec_v4_companion_radio_wifi_mqtt_femon,not measured by this static routing audit
tracked_primary,raw_platformio_environment,heltec_v4_3_companion_radio_wifi_mqtt_femoff,heltec_v4,legacy_Companion_or_transport_alias,source,False,False,False,False,False,False,False,True,False,True,False,True,heltec_v4_3_companion_radio_wifi_mqtt_femoff,heltec_v4_2_v4_3_companion_radio_full_femon,heltec_v4_2_v4_3_companion_radio_full_femon,canonical replacement -> named Full Companion,auto|heltec_v4_3_companion_radio_wifi_mqtt_femoff,not measured by this static routing audit
tracked_primary,raw_platformio_environment,heltec_v4_2_v4_3_companion_radio_full_femon,heltec_v4,named_Full_Companion,Full,True,True,True,False,False,False,False,False,False,True,False,False,heltec_v4_2_v4_3_companion_radio_full_femon,heltec_v4_2_v4_3_companion_radio_full_femon,heltec_v4_2_v4_3_companion_radio_full_femon,named Full Companion,full|heltec_v4_2_v4_3_companion_radio_full_femon,not measured by this static routing audit
tracked_primary,raw_platformio_environment,heltec_v4_3_companion_radio_full_femoff,heltec_v4,named_Full_Companion,Full,False,False,True,False,False,False,False,True,False,True,False,True,heltec_v4_3_companion_radio_full_femoff,heltec_v4_2_v4_3_companion_radio_full_femon,heltec_v4_2_v4_3_companion_radio_full_femon,canonical runtime FEM alias -> named Full Companion,full|heltec_v4_3_companion_radio_full_femoff,not measured by this static routing audit
tracked_primary,raw_platformio_environment,heltec_v4_sensor,heltec_v4,node_firmware,Full,True,True,False,True,True,False,False,False,False,False,False,False,heltec_v4_sensor,heltec_v4_sensor,heltec_v4_sensor,exact ordinary Full group choice,full|heltec_v4_sensor,not measured by this static routing audit
tracked_primary,raw_platformio_environment,heltec_v4_tft_repeater,heltec_v4,node_firmware,Full,True,True,False,True,True,False,False,False,False,False,False,False,heltec_v4_tft_repeater,heltec_v4_tft_repeater,heltec_v4_tft_repeater,exact ordinary Full group choice,full|heltec_v4_tft_repeater,not measured by this static routing audit
tracked_primary,raw_platformio_environment,heltec_v4_tft_repeater_bridge_espnow,heltec_v4,node_firmware,Full,False,False,False,True,True,False,True,False,False,False,False,True,heltec_v4_tft_repeater_bridge_espnow,heltec_v4_tft_repeater,heltec_v4_tft_repeater,exact ordinary Full group choice,full|heltec_v4_tft_repeater_bridge_espnow,not measured by this static routing audit
tracked_primary,raw_platformio_environment,heltec_v4_tft_room_server,heltec_v4,node_firmware,Full,True,True,False,True,True,False,False,False,False,False,False,False,heltec_v4_tft_room_server,heltec_v4_tft_room_server,heltec_v4_tft_room_server,exact ordinary Full group choice,full|heltec_v4_tft_room_server,not measured by this static routing audit
tracked_primary,raw_platformio_environment,heltec_v4_tft_terminal_chat,heltec_v4,node_firmware,legacy,False,False,False,False,False,False,False,False,False,False,False,True,heltec_v4_tft_terminal_chat,heltec_v4_tft_companion_radio_full_femon,heltec_v4_tft_companion_radio_full_femon,canonical replacement -> named Full Companion,auto|heltec_v4_tft_terminal_chat,not measured by this static routing audit
tracked_primary,raw_platformio_environment,heltec_v4_tft_companion_radio_usb_femon,heltec_v4,legacy_Companion_or_transport_alias,source,False,False,False,False,False,False,False,False,False,True,False,True,heltec_v4_tft_companion_radio_usb_femon,heltec_v4_tft_companion_radio_full_femon,heltec_v4_tft_companion_radio_full_femon,canonical replacement -> named Full Companion,auto|heltec_v4_tft_companion_radio_usb_femon,not measured by this static routing audit
tracked_primary,raw_platformio_environment,heltec_v4_3_tft_companion_radio_usb_femoff,heltec_v4,legacy_Companion_or_transport_alias,source,False,False,False,False,False,False,False,True,False,True,False,True,heltec_v4_3_tft_companion_radio_usb_femoff,heltec_v4_tft_companion_radio_full_femon,heltec_v4_tft_companion_radio_full_femon,canonical replacement -> named Full Companion,auto|heltec_v4_3_tft_companion_radio_usb_femoff,not measured by this static routing audit
tracked_primary,raw_platformio_environment,heltec_v4_tft_companion_radio_ble_femon,heltec_v4,legacy_Companion_or_transport_alias,source,False,False,False,False,False,False,False,False,False,True,False,True,heltec_v4_tft_companion_radio_ble_femon,heltec_v4_tft_companion_radio_full_femon,heltec_v4_tft_companion_radio_full_femon,canonical replacement -> named Full Companion,auto|heltec_v4_tft_companion_radio_ble_femon,not measured by this static routing audit
tracked_primary,raw_platformio_environment,heltec_v4_3_tft_companion_radio_ble_femoff,heltec_v4,legacy_Companion_or_transport_alias,source,False,False,False,False,False,False,False,True,False,True,False,True,heltec_v4_3_tft_companion_radio_ble_femoff,heltec_v4_tft_companion_radio_full_femon,heltec_v4_tft_companion_radio_full_femon,canonical replacement -> named Full Companion,auto|heltec_v4_3_tft_companion_radio_ble_femoff,not measured by this static routing audit
tracked_primary,raw_platformio_environment,heltec_v4_expansionkit_tft_companion_radio_ble_femon,heltec_v4,legacy_Companion_or_transport_alias,source,False,False,False,False,False,False,False,False,False,True,False,True,heltec_v4_expansionkit_tft_companion_radio_ble_femon,heltec_v4_expansionkit_tft_companion_radio_full_femon,heltec_v4_expansionkit_tft_companion_radio_full_femon,canonical replacement -> named Full Companion,auto|heltec_v4_expansionkit_tft_companion_radio_ble_femon,not measured by this static routing audit
tracked_primary,raw_platformio_environment,heltec_v4_3_expansionkit_tft_companion_radio_ble_femoff,heltec_v4,legacy_Companion_or_transport_alias,source,False,False,False,False,False,False,False,True,False,True,False,True,heltec_v4_3_expansionkit_tft_companion_radio_ble_femoff,heltec_v4_expansionkit_tft_companion_radio_full_femon,heltec_v4_expansionkit_tft_companion_radio_full_femon,canonical replacement -> named Full Companion,auto|heltec_v4_3_expansionkit_tft_companion_radio_ble_femoff,not measured by this static routing audit
tracked_primary,raw_platformio_environment,heltec_v4_expansionkit_tft_companion_radio_ble_ps,heltec_v4,legacy_Companion_or_transport_alias,source,False,False,False,False,False,False,False,True,False,True,False,True,heltec_v4_expansionkit_tft_companion_radio_ble_ps,heltec_v4_expansionkit_tft_companion_radio_full_femon,heltec_v4_expansionkit_tft_companion_radio_full_femon,canonical replacement -> named Full Companion,auto|heltec_v4_expansionkit_tft_companion_radio_ble_ps,not measured by this static routing audit
tracked_primary,raw_platformio_environment,heltec_v4_expansionkit_tft_companion_radio_full_femon,heltec_v4,named_Full_Companion,Full,True,True,True,False,False,False,False,False,False,True,False,False,heltec_v4_expansionkit_tft_companion_radio_full_femon,heltec_v4_expansionkit_tft_companion_radio_full_femon,heltec_v4_expansionkit_tft_companion_radio_full_femon,named Full Companion,full|heltec_v4_expansionkit_tft_companion_radio_full_femon,not measured by this static routing audit
tracked_primary,raw_platformio_environment,heltec_v4_tft_companion_radio_wifi_femon,heltec_v4,legacy_Companion_or_transport_alias,source,False,False,False,False,False,False,False,False,False,True,False,True,heltec_v4_tft_companion_radio_wifi_femon,heltec_v4_tft_companion_radio_full_femon,heltec_v4_tft_companion_radio_full_femon,canonical replacement -> named Full Companion,auto|heltec_v4_tft_companion_radio_wifi_femon,not measured by this static routing audit
tracked_primary,raw_platformio_environment,heltec_v4_3_tft_companion_radio_wifi_femoff,heltec_v4,legacy_Companion_or_transport_alias,source,False,False,False,False,False,False,False,True,False,True,False,True,heltec_v4_3_tft_companion_radio_wifi_femoff,heltec_v4_tft_companion_radio_full_femon,heltec_v4_tft_companion_radio_full_femon,canonical replacement -> named Full Companion,auto|heltec_v4_3_tft_companion_radio_wifi_femoff,not measured by this static routing audit
tracked_primary,raw_platformio_environment,heltec_v4_tft_companion_radio_full_femon,heltec_v4,named_Full_Companion,Full,True,True,True,False,False,False,False,False,False,True,False,False,heltec_v4_tft_companion_radio_full_femon,heltec_v4_tft_companion_radio_full_femon,heltec_v4_tft_companion_radio_full_femon,named Full Companion,full|heltec_v4_tft_companion_radio_full_femon,not measured by this static routing audit
tracked_primary,raw_platformio_environment,heltec_v4_3_tft_companion_radio_full_femoff,heltec_v4,named_Full_Companion,Full,False,False,True,False,False,False,False,True,False,True,False,True,heltec_v4_3_tft_companion_radio_full_femoff,heltec_v4_tft_companion_radio_full_femon,heltec_v4_tft_companion_radio_full_femon,canonical runtime FEM alias -> named Full Companion,full|heltec_v4_3_tft_companion_radio_full_femoff,not measured by this static routing audit
tracked_primary,raw_platformio_environment,heltec_v4_tft_sensor,heltec_v4,node_firmware,Full,True,True,False,True,True,False,False,False,False,False,False,False,heltec_v4_tft_sensor,heltec_v4_tft_sensor,heltec_v4_tft_sensor,exact ordinary Full group choice,full|heltec_v4_tft_sensor,not measured by this static routing audit
tracked_primary,raw_platformio_environment,heltec_v4_kiss_modem,heltec_v4,host_modem_KISS,KISS,True,False,False,False,False,False,False,False,False,False,True,False,heltec_v4_kiss_modem,,,,auto|heltec_v4_kiss_modem,not measured by this static routing audit
tracked_primary,raw_platformio_environment,heltec_v4_partition_expander,heltec_v4_migrator,development_or_migration_utility,source,False,False,False,False,False,False,False,False,False,False,False,True,heltec_v4_partition_expander,,,,auto|heltec_v4_partition_expander,not measured by this static routing audit
tracked_primary,raw_platformio_environment,heltec_v4_partition_migrator,heltec_v4_migrator,development_or_migration_utility,source,False,False,False,False,False,False,False,False,False,False,False,True,heltec_v4_partition_migrator,,,,auto|heltec_v4_partition_migrator,not measured by this static routing audit
tracked_primary,raw_platformio_environment,heltec_v4_partition_migrator_lora_repeater,heltec_v4_migrator,development_or_migration_utility,source,False,False,False,False,False,False,False,False,False,False,False,True,heltec_v4_partition_migrator_lora_repeater,,,,auto|heltec_v4_partition_migrator_lora_repeater_lora_ota_no_external_sensors,not measured by this static routing audit
tracked_primary,raw_platformio_environment,heltec_v4_partition_migrator_test_hold,heltec_v4_migrator,development_or_migration_utility,source,False,False,False,False,False,False,False,False,False,False,False,True,heltec_v4_partition_migrator_test_hold,,,,auto|heltec_v4_partition_migrator_test_hold,not measured by this static routing audit
tracked_primary,raw_platformio_environment,heltec_v4_partition_migrator_test_usb_diagnostic,heltec_v4_migrator,development_or_migration_utility,source,False,False,False,False,False,False,False,False,False,False,False,True,heltec_v4_partition_migrator_test_usb_diagnostic,,,,auto|heltec_v4_partition_migrator_test_usb_diagnostic,not measured by this static routing audit
tracked_primary,raw_platformio_environment,heltec_v4_r8_repeater,heltec_v4_r8,node_firmware,Full,True,True,False,True,True,False,False,False,False,False,False,False,heltec_v4_r8_repeater,heltec_v4_r8_repeater,heltec_v4_r8_repeater_observer_mqtt,exact ordinary Full group choice,full|heltec_v4_r8_repeater_observer_mqtt,not measured by this static routing audit
tracked_primary,raw_platformio_environment,heltec_v4_r8_repeater_observer_mqtt,heltec_v4_r8,node_firmware,Full,True,True,False,True,True,False,True,False,False,False,False,False,heltec_v4_r8_repeater_observer_mqtt,heltec_v4_r8_repeater,heltec_v4_r8_repeater_observer_mqtt,exact ordinary Full group choice,full|heltec_v4_r8_repeater_observer_mqtt,not measured by this static routing audit
tracked_primary,raw_platformio_environment,heltec_v4_r8_room_server,heltec_v4_r8,node_firmware,Full,True,True,False,True,True,False,False,False,False,False,False,False,heltec_v4_r8_room_server,heltec_v4_r8_room_server,heltec_v4_r8_room_server_observer_mqtt,exact ordinary Full group choice,full|heltec_v4_r8_room_server_observer_mqtt,not measured by this static routing audit
tracked_primary,raw_platformio_environment,heltec_v4_r8_room_server_observer_mqtt,heltec_v4_r8,node_firmware,Full,True,True,False,True,True,False,True,False,False,False,False,False,heltec_v4_r8_room_server_observer_mqtt,heltec_v4_r8_room_server,heltec_v4_r8_room_server_observer_mqtt,exact ordinary Full group choice,full|heltec_v4_r8_room_server_observer_mqtt,not measured by this static routing audit
tracked_primary,raw_platformio_environment,heltec_v4_r8_terminal_chat,heltec_v4_r8,node_firmware,legacy,False,False,False,False,False,False,False,False,False,False,False,True,heltec_v4_r8_terminal_chat,heltec_v4_r8_companion_radio_full,heltec_v4_r8_companion_radio_full,canonical replacement -> named Full Companion,auto|heltec_v4_r8_terminal_chat,not measured by this static routing audit
tracked_primary,raw_platformio_environment,heltec_v4_r8_companion_radio_usb,heltec_v4_r8,legacy_Companion_or_transport_alias,source,False,False,False,False,False,False,False,False,False,True,False,True,heltec_v4_r8_companion_radio_usb,heltec_v4_r8_companion_radio_full,heltec_v4_r8_companion_radio_full,canonical replacement -> named Full Companion,auto|heltec_v4_r8_companion_radio_usb,not measured by this static routing audit
tracked_primary,raw_platformio_environment,heltec_v4_r8_companion_radio_ble,heltec_v4_r8,legacy_Companion_or_transport_alias,source,False,False,False,False,False,False,False,False,False,True,False,True,heltec_v4_r8_companion_radio_ble,heltec_v4_r8_companion_radio_full,heltec_v4_r8_companion_radio_full,canonical replacement -> named Full Companion,auto|heltec_v4_r8_companion_radio_ble,not measured by this static routing audit
tracked_primary,raw_platformio_environment,heltec_v4_r8_companion_radio_ble_ps,heltec_v4_r8,legacy_Companion_or_transport_alias,source,False,False,False,False,False,False,False,True,False,True,False,True,heltec_v4_r8_companion_radio_ble_ps,heltec_v4_r8_companion_radio_full,heltec_v4_r8_companion_radio_full,canonical replacement -> named Full Companion,auto|heltec_v4_r8_companion_radio_ble_ps,not measured by this static routing audit
tracked_primary,raw_platformio_environment,heltec_v4_r8_companion_radio_wifi,heltec_v4_r8,legacy_Companion_or_transport_alias,source,False,False,False,False,False,False,False,False,False,True,False,True,heltec_v4_r8_companion_radio_wifi,heltec_v4_r8_companion_radio_full,heltec_v4_r8_companion_radio_full,canonical replacement -> named Full Companion,auto|heltec_v4_r8_companion_radio_wifi,not measured by this static routing audit
tracked_primary,raw_platformio_environment,heltec_v4_r8_companion_radio_full,heltec_v4_r8,named_Full_Companion,Full,True,True,True,False,False,False,False,False,False,True,False,False,heltec_v4_r8_companion_radio_full,heltec_v4_r8_companion_radio_full,heltec_v4_r8_companion_radio_full,named Full Companion,full|heltec_v4_r8_companion_radio_full,not measured by this static routing audit
tracked_primary,raw_platformio_environment,heltec_v4_r8_sensor,heltec_v4_r8,node_firmware,Full,True,True,False,True,True,False,False,False,False,False,False,False,heltec_v4_r8_sensor,heltec_v4_r8_sensor,heltec_v4_r8_sensor,exact ordinary Full group choice,full|heltec_v4_r8_sensor,not measured by this static routing audit
tracked_primary,raw_platformio_environment,heltec_v4_r8_tft_repeater,heltec_v4_r8,node_firmware,Full,True,True,False,True,True,False,False,False,False,False,False,False,heltec_v4_r8_tft_repeater,heltec_v4_r8_tft_repeater,heltec_v4_r8_tft_repeater_observer_mqtt,exact ordinary Full group choice,full|heltec_v4_r8_tft_repeater_observer_mqtt,not measured by this static routing audit
tracked_primary,raw_platformio_environment,heltec_v4_r8_tft_repeater_observer_mqtt,heltec_v4_r8,node_firmware,Full,True,True,False,True,True,False,True,False,False,False,False,False,heltec_v4_r8_tft_repeater_observer_mqtt,heltec_v4_r8_tft_repeater,heltec_v4_r8_tft_repeater_observer_mqtt,exact ordinary Full group choice,full|heltec_v4_r8_tft_repeater_observer_mqtt,not measured by this static routing audit
tracked_primary,raw_platformio_environment,heltec_v4_r8_tft_portrait_repeater_observer_mqtt,heltec_v4_r8,node_firmware,Full,True,True,False,True,True,False,True,False,False,False,False,False,heltec_v4_r8_tft_portrait_repeater_observer_mqtt,heltec_v4_r8_tft_portrait_repeater_observer_mqtt,heltec_v4_r8_tft_portrait_repeater_observer_mqtt,exact ordinary Full group choice,full|heltec_v4_r8_tft_portrait_repeater_observer_mqtt,not measured by this static routing audit
tracked_primary,raw_platformio_environment,heltec_v4_r8_tft_room_server,heltec_v4_r8,node_firmware,Full,True,True,False,True,True,False,False,False,False,False,False,False,heltec_v4_r8_tft_room_server,heltec_v4_r8_tft_room_server,heltec_v4_r8_tft_room_server_observer_mqtt,exact ordinary Full group choice,full|heltec_v4_r8_tft_room_server_observer_mqtt,not measured by this static routing audit
tracked_primary,raw_platformio_environment,heltec_v4_r8_tft_room_server_observer_mqtt,heltec_v4_r8,node_firmware,Full,True,True,False,True,True,False,True,False,False,False,False,False,heltec_v4_r8_tft_room_server_observer_mqtt,heltec_v4_r8_tft_room_server,heltec_v4_r8_tft_room_server_observer_mqtt,exact ordinary Full group choice,full|heltec_v4_r8_tft_room_server_observer_mqtt,not measured by this static routing audit
tracked_primary,raw_platformio_environment,heltec_v4_r8_tft_portrait_room_server_observer_mqtt,heltec_v4_r8,node_firmware,Full,True,True,False,True,True,False,True,False,False,False,False,False,heltec_v4_r8_tft_portrait_room_server_observer_mqtt,heltec_v4_r8_tft_portrait_room_server_observer_mqtt,heltec_v4_r8_tft_portrait_room_server_observer_mqtt,exact ordinary Full group choice,full|heltec_v4_r8_tft_portrait_room_server_observer_mqtt,not measured by this static routing audit
tracked_primary,raw_platformio_environment,heltec_v4_r8_tft_terminal_chat,heltec_v4_r8,node_firmware,legacy,False,False,False,False,False,False,False,False,False,False,False,True,heltec_v4_r8_tft_terminal_chat,heltec_v4_r8_tft_companion_radio_full,heltec_v4_r8_tft_companion_radio_full,canonical replacement -> named Full Companion,auto|heltec_v4_r8_tft_terminal_chat,not measured by this static routing audit
tracked_primary,raw_platformio_environment,heltec_v4_r8_tft_companion_radio_usb,heltec_v4_r8,legacy_Companion_or_transport_alias,source,False,False,False,False,False,False,False,False,False,True,False,True,heltec_v4_r8_tft_companion_radio_usb,heltec_v4_r8_tft_companion_radio_full,heltec_v4_r8_tft_companion_radio_full,canonical replacement -> named Full Companion,auto|heltec_v4_r8_tft_companion_radio_usb,not measured by this static routing audit
tracked_primary,raw_platformio_environment,heltec_v4_r8_tft_companion_radio_ble,heltec_v4_r8,legacy_Companion_or_transport_alias,source,False,False,False,False,False,False,False,False,False,True,False,True,heltec_v4_r8_tft_companion_radio_ble,heltec_v4_r8_tft_companion_radio_full,heltec_v4_r8_tft_companion_radio_full,canonical replacement -> named Full Companion,auto|heltec_v4_r8_tft_companion_radio_ble,not measured by this static routing audit
tracked_primary,raw_platformio_environment,heltec_v4_r8_tft_companion_radio_wifi,heltec_v4_r8,legacy_Companion_or_transport_alias,source,False,False,False,False,False,False,False,False,False,True,False,True,heltec_v4_r8_tft_companion_radio_wifi,heltec_v4_r8_tft_companion_radio_full,heltec_v4_r8_tft_companion_radio_full,canonical replacement -> named Full Companion,auto|heltec_v4_r8_tft_companion_radio_wifi,not measured by this static routing audit
tracked_primary,raw_platformio_environment,heltec_v4_r8_tft_companion_radio_full,heltec_v4_r8,named_Full_Companion,Full,True,True,True,False,False,False,False,False,False,True,False,False,heltec_v4_r8_tft_companion_radio_full,heltec_v4_r8_tft_companion_radio_full,heltec_v4_r8_tft_companion_radio_full,named Full Companion,full|heltec_v4_r8_tft_companion_radio_full,not measured by this static routing audit
tracked_primary,raw_platformio_environment,heltec_v4_r8_tft_sensor,heltec_v4_r8,node_firmware,Full,True,True,False,True,True,False,False,False,False,False,False,False,heltec_v4_r8_tft_sensor,heltec_v4_r8_tft_sensor,heltec_v4_r8_tft_sensor,exact ordinary Full group choice,full|heltec_v4_r8_tft_sensor,not measured by this static routing audit
tracked_primary,raw_platformio_environment,heltec_v4_r8_kiss_modem,heltec_v4_r8,host_modem_KISS,KISS,True,False,False,False,False,False,False,False,False,False,True,False,heltec_v4_r8_kiss_modem,,,,auto|heltec_v4_r8_kiss_modem,not measured by this static routing audit
tracked_primary,raw_platformio_environment,heltec_v4_r8_tft_kiss_modem,heltec_v4_r8,host_modem_KISS,KISS,True,False,False,False,False,False,False,False,False,False,True,False,heltec_v4_r8_tft_kiss_modem,,,,auto|heltec_v4_r8_tft_kiss_modem,not measured by this static routing audit
tracked_primary,raw_platformio_environment,Heltec_Wireless_Paper_companion_radio_ble,esp32-s3-devkitc-1,legacy_Companion_or_transport_alias,source,False,False,False,False,False,False,False,False,False,True,False,True,Heltec_Wireless_Paper_companion_radio_ble,Heltec_Wireless_Paper_companion_radio_full,Heltec_Wireless_Paper_companion_radio_ble,canonical replacement -> named Full Companion,auto|Heltec_Wireless_Paper_companion_radio_ble,not measured by this static routing audit
tracked_primary,raw_platformio_environment,Heltec_Wireless_Paper_companion_radio_ble_ps,esp32-s3-devkitc-1,legacy_Companion_or_transport_alias,source,False,False,False,False,False,False,False,True,False,True,False,True,Heltec_Wireless_Paper_companion_radio_ble_ps,Heltec_Wireless_Paper_companion_radio_full,Heltec_Wireless_Paper_companion_radio_ble,saved powersave alias -> canonical replacement -> named Full Companion,auto|Heltec_Wireless_Paper_companion_radio_ble_ps,not measured by this static routing audit
tracked_primary,raw_platformio_environment,Heltec_Wireless_Paper_companion_radio_usb,esp32-s3-devkitc-1,legacy_Companion_or_transport_alias,source,False,False,False,False,False,False,False,False,False,True,False,True,Heltec_Wireless_Paper_companion_radio_usb,Heltec_Wireless_Paper_companion_radio_full,Heltec_Wireless_Paper_companion_radio_ble,canonical replacement -> named Full Companion,auto|Heltec_Wireless_Paper_companion_radio_usb,not measured by this static routing audit
tracked_primary,raw_platformio_environment,Heltec_Wireless_Paper_repeater,esp32-s3-devkitc-1,node_firmware,Full,True,True,False,True,True,False,False,False,False,False,False,False,Heltec_Wireless_Paper_repeater,Heltec_Wireless_Paper_repeater,Heltec_Wireless_Paper_repeater_observer_mqtt,exact ordinary Full group choice,full|Heltec_Wireless_Paper_repeater_observer_mqtt,not measured by this static routing audit
tracked_primary,raw_platformio_environment,Heltec_Wireless_Paper_repeater_bridge_espnow,esp32-s3-devkitc-1,node_firmware,Full,False,False,False,True,True,False,True,False,False,False,False,True,Heltec_Wireless_Paper_repeater_bridge_espnow,Heltec_Wireless_Paper_repeater,Heltec_Wireless_Paper_repeater_observer_mqtt,exact ordinary Full group choice,full|Heltec_Wireless_Paper_repeater_observer_mqtt,not measured by this static routing audit
tracked_primary,raw_platformio_environment,Heltec_Wireless_Paper_room_server,esp32-s3-devkitc-1,node_firmware,Full,True,True,False,True,True,False,False,False,False,False,False,False,Heltec_Wireless_Paper_room_server,Heltec_Wireless_Paper_room_server,Heltec_Wireless_Paper_room_server_observer_mqtt,exact ordinary Full group choice,full|Heltec_Wireless_Paper_room_server_observer_mqtt,not measured by this static routing audit
tracked_primary,raw_platformio_environment,Heltec_Wireless_Paper_kiss_modem,esp32-s3-devkitc-1,host_modem_KISS,KISS,True,False,False,False,False,False,False,False,False,False,True,False,Heltec_Wireless_Paper_kiss_modem,,,,auto|Heltec_Wireless_Paper_kiss_modem,not measured by this static routing audit
tracked_primary,raw_platformio_environment,Heltec_Wireless_Paper_repeater_observer_mqtt,esp32-s3-devkitc-1,node_firmware,Full,True,True,False,True,True,False,True,False,False,False,False,False,Heltec_Wireless_Paper_repeater_observer_mqtt,Heltec_Wireless_Paper_repeater,Heltec_Wireless_Paper_repeater_observer_mqtt,exact ordinary Full group choice,full|Heltec_Wireless_Paper_repeater_observer_mqtt,not measured by this static routing audit
tracked_primary,raw_platformio_environment,Heltec_Wireless_Paper_room_server_observer_mqtt,esp32-s3-devkitc-1,node_firmware,Full,True,True,False,True,True,False,True,False,False,False,False,False,Heltec_Wireless_Paper_room_server_observer_mqtt,Heltec_Wireless_Paper_room_server,Heltec_Wireless_Paper_room_server_observer_mqtt,exact ordinary Full group choice,full|Heltec_Wireless_Paper_room_server_observer_mqtt,not measured by this static routing audit
tracked_primary,raw_platformio_environment,LilyGo_T3S3_sx1262_repeater,t3_s3_v1_x,node_firmware,legacy,True,True,False,True,False,True,False,False,False,False,False,False,LilyGo_T3S3_sx1262_repeater,LilyGo_T3S3_sx1262_repeater,LilyGo_T3S3_sx1262_repeater_observer_mqtt,exact ordinary Full group choice,full|LilyGo_T3S3_sx1262_repeater_observer_mqtt,not measured by this static routing audit
tracked_primary,raw_platformio_environment,LilyGo_T3S3_sx1262_repeater_bridge_espnow,t3_s3_v1_x,node_firmware,Full,False,False,False,True,False,False,True,False,False,False,False,True,LilyGo_T3S3_sx1262_repeater_bridge_espnow,LilyGo_T3S3_sx1262_repeater,LilyGo_T3S3_sx1262_repeater_observer_mqtt,exact ordinary Full group choice,full|LilyGo_T3S3_sx1262_repeater_observer_mqtt,not measured by this static routing audit
tracked_primary,raw_platformio_environment,LilyGo_T3S3_sx1262_repeater_observer_mqtt,t3_s3_v1_x,node_firmware,Full,True,True,False,True,False,False,True,False,False,False,False,False,LilyGo_T3S3_sx1262_repeater_observer_mqtt,LilyGo_T3S3_sx1262_repeater,LilyGo_T3S3_sx1262_repeater_observer_mqtt,exact ordinary Full group choice,full|LilyGo_T3S3_sx1262_repeater_observer_mqtt,not measured by this static routing audit
tracked_primary,raw_platformio_environment,LilyGo_T3S3_sx1262_room_server_observer_mqtt,t3_s3_v1_x,node_firmware,Full,True,True,False,True,False,False,True,False,False,False,False,False,LilyGo_T3S3_sx1262_room_server_observer_mqtt,LilyGo_T3S3_sx1262_room_server,LilyGo_T3S3_sx1262_room_server_observer_mqtt,exact ordinary Full group choice,full|LilyGo_T3S3_sx1262_room_server_observer_mqtt,not measured by this static routing audit
tracked_primary,raw_platformio_environment,LilyGo_T3S3_sx1262_terminal_chat,t3_s3_v1_x,node_firmware,legacy,False,False,False,False,False,False,False,False,False,False,False,True,LilyGo_T3S3_sx1262_terminal_chat,LilyGo_T3S3_sx1262_companion_radio_full,LilyGo_T3S3_sx1262_companion_radio_ble,canonical replacement -> named Full Companion,auto|LilyGo_T3S3_sx1262_terminal_chat,not measured by this static routing audit
tracked_primary,raw_platformio_environment,LilyGo_T3S3_sx1262_room_server,t3_s3_v1_x,node_firmware,legacy,True,True,False,True,False,True,False,False,False,False,False,False,LilyGo_T3S3_sx1262_room_server,LilyGo_T3S3_sx1262_room_server,LilyGo_T3S3_sx1262_room_server_observer_mqtt,exact ordinary Full group choice,full|LilyGo_T3S3_sx1262_room_server_observer_mqtt,not measured by this static routing audit
tracked_primary,raw_platformio_environment,LilyGo_T3S3_sx1262_companion_radio_usb,t3_s3_v1_x,legacy_Companion_or_transport_alias,source,False,False,False,False,False,False,False,False,False,True,False,True,LilyGo_T3S3_sx1262_companion_radio_usb,LilyGo_T3S3_sx1262_companion_radio_full,LilyGo_T3S3_sx1262_companion_radio_ble,canonical replacement -> named Full Companion,auto|LilyGo_T3S3_sx1262_companion_radio_usb,not measured by this static routing audit
tracked_primary,raw_platformio_environment,LilyGo_T3S3_sx1262_companion_radio_ble,t3_s3_v1_x,legacy_Companion_or_transport_alias,source,False,False,False,False,False,False,False,False,False,True,False,True,LilyGo_T3S3_sx1262_companion_radio_ble,LilyGo_T3S3_sx1262_companion_radio_full,LilyGo_T3S3_sx1262_companion_radio_ble,canonical replacement -> named Full Companion,auto|LilyGo_T3S3_sx1262_companion_radio_ble,not measured by this static routing audit
tracked_primary,raw_platformio_environment,LilyGo_T3S3_sx1262_companion_radio_ble_ps,t3_s3_v1_x,legacy_Companion_or_transport_alias,source,False,False,False,False,False,False,False,True,False,True,False,True,LilyGo_T3S3_sx1262_companion_radio_ble_ps,LilyGo_T3S3_sx1262_companion_radio_full,LilyGo_T3S3_sx1262_companion_radio_ble,saved powersave alias -> canonical replacement -> named Full Companion,auto|LilyGo_T3S3_sx1262_companion_radio_ble_ps,not measured by this static routing audit
tracked_primary,raw_platformio_environment,LilyGo_T3S3_sx1262_kiss_modem,t3_s3_v1_x,host_modem_KISS,KISS,True,False,False,False,False,False,False,False,False,False,True,False,LilyGo_T3S3_sx1262_kiss_modem,,,,auto|LilyGo_T3S3_sx1262_kiss_modem,not measured by this static routing audit
tracked_primary,raw_platformio_environment,LilyGo_T3S3_sx1276_repeater,t3_s3_v1_x,node_firmware,legacy,True,True,False,True,False,True,False,False,False,False,False,False,LilyGo_T3S3_sx1276_repeater,LilyGo_T3S3_sx1276_repeater,LilyGo_T3S3_sx1276_repeater_observer_mqtt,exact ordinary Full group choice,full|LilyGo_T3S3_sx1276_repeater_observer_mqtt,not measured by this static routing audit
tracked_primary,raw_platformio_environment,LilyGo_T3S3_sx1276_repeater_bridge_espnow,t3_s3_v1_x,node_firmware,Full,False,False,False,True,False,False,True,False,False,False,False,True,LilyGo_T3S3_sx1276_repeater_bridge_espnow,LilyGo_T3S3_sx1276_repeater,LilyGo_T3S3_sx1276_repeater_observer_mqtt,exact ordinary Full group choice,full|LilyGo_T3S3_sx1276_repeater_observer_mqtt,not measured by this static routing audit
tracked_primary,raw_platformio_environment,LilyGo_T3S3_sx1276_terminal_chat,t3_s3_v1_x,node_firmware,legacy,False,False,False,False,False,False,False,False,False,False,False,True,LilyGo_T3S3_sx1276_terminal_chat,LilyGo_T3S3_sx1276_companion_radio_full,LilyGo_T3S3_sx1276_companion_radio_ble,canonical replacement -> named Full Companion,auto|LilyGo_T3S3_sx1276_terminal_chat,not measured by this static routing audit
tracked_primary,raw_platformio_environment,LilyGo_T3S3_sx1276_room_server,t3_s3_v1_x,node_firmware,legacy,True,True,False,True,False,True,False,False,False,False,False,False,LilyGo_T3S3_sx1276_room_server,LilyGo_T3S3_sx1276_room_server,LilyGo_T3S3_sx1276_room_server_observer_mqtt,exact ordinary Full group choice,full|LilyGo_T3S3_sx1276_room_server_observer_mqtt,not measured by this static routing audit
tracked_primary,raw_platformio_environment,LilyGo_T3S3_sx1276_companion_radio_usb,t3_s3_v1_x,legacy_Companion_or_transport_alias,source,False,False,False,False,False,False,False,False,False,True,False,True,LilyGo_T3S3_sx1276_companion_radio_usb,LilyGo_T3S3_sx1276_companion_radio_full,LilyGo_T3S3_sx1276_companion_radio_ble,canonical replacement -> named Full Companion,auto|LilyGo_T3S3_sx1276_companion_radio_usb,not measured by this static routing audit
tracked_primary,raw_platformio_environment,LilyGo_T3S3_sx1276_companion_radio_ble,t3_s3_v1_x,legacy_Companion_or_transport_alias,source,False,False,False,False,False,False,False,False,False,True,False,True,LilyGo_T3S3_sx1276_companion_radio_ble,LilyGo_T3S3_sx1276_companion_radio_full,LilyGo_T3S3_sx1276_companion_radio_ble,canonical replacement -> named Full Companion,auto|LilyGo_T3S3_sx1276_companion_radio_ble,not measured by this static routing audit
tracked_primary,raw_platformio_environment,LilyGo_T3S3_sx1276_kiss_modem,t3_s3_v1_x,host_modem_KISS,KISS,True,False,False,False,False,False,False,False,False,False,True,False,LilyGo_T3S3_sx1276_kiss_modem,,,,auto|LilyGo_T3S3_sx1276_kiss_modem,not measured by this static routing audit
tracked_primary,raw_platformio_environment,LilyGo_T3S3_sx1276_repeater_observer_mqtt,t3_s3_v1_x,node_firmware,Full,True,True,False,True,False,False,True,False,False,False,False,False,LilyGo_T3S3_sx1276_repeater_observer_mqtt,LilyGo_T3S3_sx1276_repeater,LilyGo_T3S3_sx1276_repeater_observer_mqtt,exact ordinary Full group choice,full|LilyGo_T3S3_sx1276_repeater_observer_mqtt,not measured by this static routing audit
tracked_primary,raw_platformio_environment,LilyGo_T3S3_sx1276_room_server_observer_mqtt,t3_s3_v1_x,node_firmware,Full,True,True,False,True,False,False,True,False,False,False,False,False,LilyGo_T3S3_sx1276_room_server_observer_mqtt,LilyGo_T3S3_sx1276_room_server,LilyGo_T3S3_sx1276_room_server_observer_mqtt,exact ordinary Full group choice,full|LilyGo_T3S3_sx1276_room_server_observer_mqtt,not measured by this static routing audit
tracked_primary,raw_platformio_environment,LilyGo_TBeam_1W_repeater,t_beam_1w,node_firmware,Full,True,True,False,True,True,False,False,False,False,False,False,False,LilyGo_TBeam_1W_repeater,LilyGo_TBeam_1W_repeater,LilyGo_TBeam_1W_repeater_observer_mqtt,exact ordinary Full group choice,full|LilyGo_TBeam_1W_repeater_observer_mqtt,not measured by this static routing audit
tracked_primary,raw_platformio_environment,LilyGo_TBeam_1W_room_server,t_beam_1w,node_firmware,Full,True,True,False,True,True,False,False,False,False,False,False,False,LilyGo_TBeam_1W_room_server,LilyGo_TBeam_1W_room_server,LilyGo_TBeam_1W_room_server_observer_mqtt,exact ordinary Full group choice,full|LilyGo_TBeam_1W_room_server_observer_mqtt,not measured by this static routing audit
tracked_primary,raw_platformio_environment,LilyGo_TBeam_1W_companion_radio_usb,t_beam_1w,legacy_Companion_or_transport_alias,source,False,False,False,False,False,False,False,False,False,True,False,True,LilyGo_TBeam_1W_companion_radio_usb,LilyGo_TBeam_1W_companion_radio_full,LilyGo_TBeam_1W_companion_radio_full,canonical replacement -> named Full Companion,auto|LilyGo_TBeam_1W_companion_radio_usb,not measured by this static routing audit
tracked_primary,raw_platformio_environment,LilyGo_TBeam_1W_companion_radio_ble,t_beam_1w,legacy_Companion_or_transport_alias,source,False,False,False,False,False,False,False,False,False,True,False,True,LilyGo_TBeam_1W_companion_radio_ble,LilyGo_TBeam_1W_companion_radio_full,LilyGo_TBeam_1W_companion_radio_full,canonical replacement -> named Full Companion,auto|LilyGo_TBeam_1W_companion_radio_ble,not measured by this static routing audit
tracked_primary,raw_platformio_environment,LilyGo_TBeam_1W_companion_radio_ble_ps,t_beam_1w,legacy_Companion_or_transport_alias,source,False,False,False,False,False,False,False,True,False,True,False,True,LilyGo_TBeam_1W_companion_radio_ble_ps,LilyGo_TBeam_1W_companion_radio_full,LilyGo_TBeam_1W_companion_radio_full,saved powersave alias -> canonical replacement -> named Full Companion,auto|LilyGo_TBeam_1W_companion_radio_ble_ps,not measured by this static routing audit
tracked_primary,raw_platformio_environment,LilyGo_TBeam_1W_companion_radio_wifi,t_beam_1w,legacy_Companion_or_transport_alias,source,False,False,False,False,False,False,False,False,False,True,False,True,LilyGo_TBeam_1W_companion_radio_wifi,LilyGo_TBeam_1W_companion_radio_full,LilyGo_TBeam_1W_companion_radio_full,canonical replacement -> named Full Companion,auto|LilyGo_TBeam_1W_companion_radio_wifi,not measured by this static routing audit
tracked_primary,raw_platformio_environment,LilyGo_TBeam_1W_companion_radio_full,t_beam_1w,named_Full_Companion,Full,True,True,True,False,False,False,False,False,False,True,False,False,LilyGo_TBeam_1W_companion_radio_full,LilyGo_TBeam_1W_companion_radio_full,LilyGo_TBeam_1W_companion_radio_full,named Full Companion,full|LilyGo_TBeam_1W_companion_radio_full,not measured by this static routing audit
tracked_primary,raw_platformio_environment,LilyGo_TBeam_1W_repeater_bridge_espnow,t_beam_1w,node_firmware,Full,False,False,False,True,True,False,True,False,False,False,False,True,LilyGo_TBeam_1W_repeater_bridge_espnow,LilyGo_TBeam_1W_repeater,LilyGo_TBeam_1W_repeater_observer_mqtt,exact ordinary Full group choice,full|LilyGo_TBeam_1W_repeater_observer_mqtt,not measured by this static routing audit
tracked_primary,raw_platformio_environment,LilyGo_TBeam_1W_repeater_observer_mqtt,t_beam_1w,node_firmware,Full,True,True,False,True,True,False,True,False,False,False,False,False,LilyGo_TBeam_1W_repeater_observer_mqtt,LilyGo_TBeam_1W_repeater,LilyGo_TBeam_1W_repeater_observer_mqtt,exact ordinary Full group choice,full|LilyGo_TBeam_1W_repeater_observer_mqtt,not measured by this static routing audit
tracked_primary,raw_platformio_environment,LilyGo_TBeam_1W_room_server_observer_mqtt,t_beam_1w,node_firmware,Full,True,True,False,True,True,False,True,False,False,False,False,False,LilyGo_TBeam_1W_room_server_observer_mqtt,LilyGo_TBeam_1W_room_server,LilyGo_TBeam_1W_room_server_observer_mqtt,exact ordinary Full group choice,full|LilyGo_TBeam_1W_room_server_observer_mqtt,not measured by this static routing audit
tracked_primary,raw_platformio_environment,LilyGo_TBeam_1W_kiss_modem,t_beam_1w,host_modem_KISS,KISS,True,False,False,False,False,False,False,False,False,False,True,False,LilyGo_TBeam_1W_kiss_modem,,,,auto|LilyGo_TBeam_1W_kiss_modem,not measured by this static routing audit
tracked_primary,raw_platformio_environment,T_Beam_S3_Supreme_SX1262_repeater,t_beams3_supreme,node_firmware,Full,True,True,False,True,True,False,False,False,False,False,False,False,T_Beam_S3_Supreme_SX1262_repeater,T_Beam_S3_Supreme_SX1262_repeater,T_Beam_S3_Supreme_SX1262_repeater_observer_mqtt,exact ordinary Full group choice,full|T_Beam_S3_Supreme_SX1262_repeater_observer_mqtt,not measured by this static routing audit
tracked_primary,raw_platformio_environment,T_Beam_S3_Supreme_SX1262_repeater_bridge_espnow,t_beams3_supreme,node_firmware,Full,False,False,False,True,True,False,True,False,False,False,False,True,T_Beam_S3_Supreme_SX1262_repeater_bridge_espnow,T_Beam_S3_Supreme_SX1262_repeater,T_Beam_S3_Supreme_SX1262_repeater_observer_mqtt,exact ordinary Full group choice,full|T_Beam_S3_Supreme_SX1262_repeater_observer_mqtt,not measured by this static routing audit
tracked_primary,raw_platformio_environment,T_Beam_S3_Supreme_SX1262_repeater_observer_mqtt,t_beams3_supreme,node_firmware,Full,True,True,False,True,True,False,True,False,False,False,False,False,T_Beam_S3_Supreme_SX1262_repeater_observer_mqtt,T_Beam_S3_Supreme_SX1262_repeater,T_Beam_S3_Supreme_SX1262_repeater_observer_mqtt,exact ordinary Full group choice,full|T_Beam_S3_Supreme_SX1262_repeater_observer_mqtt,not measured by this static routing audit
tracked_primary,raw_platformio_environment,T_Beam_S3_Supreme_SX1262_room_server_observer_mqtt,t_beams3_supreme,node_firmware,Full,True,True,False,True,True,False,True,False,False,False,False,False,T_Beam_S3_Supreme_SX1262_room_server_observer_mqtt,T_Beam_S3_Supreme_SX1262_room_server,T_Beam_S3_Supreme_SX1262_room_server_observer_mqtt,exact ordinary Full group choice,full|T_Beam_S3_Supreme_SX1262_room_server_observer_mqtt,not measured by this static routing audit
tracked_primary,raw_platformio_environment,T_Beam_S3_Supreme_SX1262_room_server,t_beams3_supreme,node_firmware,Full,True,True,False,True,True,False,False,False,False,False,False,False,T_Beam_S3_Supreme_SX1262_room_server,T_Beam_S3_Supreme_SX1262_room_server,T_Beam_S3_Supreme_SX1262_room_server_observer_mqtt,exact ordinary Full group choice,full|T_Beam_S3_Supreme_SX1262_room_server_observer_mqtt,not measured by this static routing audit
tracked_primary,raw_platformio_environment,T_Beam_S3_Supreme_SX1262_companion_radio_ble,t_beams3_supreme,legacy_Companion_or_transport_alias,source,False,False,False,False,False,False,False,False,False,True,False,True,T_Beam_S3_Supreme_SX1262_companion_radio_ble,T_Beam_S3_Supreme_SX1262_companion_radio_full,T_Beam_S3_Supreme_SX1262_companion_radio_ble,canonical replacement -> named Full Companion,auto|T_Beam_S3_Supreme_SX1262_companion_radio_ble,not measured by this static routing audit
tracked_primary,raw_platformio_environment,T_Beam_S3_Supreme_SX1262_companion_radio_ble_ps,t_beams3_supreme,legacy_Companion_or_transport_alias,source,False,False,False,False,False,False,False,True,False,True,False,True,T_Beam_S3_Supreme_SX1262_companion_radio_ble_ps,T_Beam_S3_Supreme_SX1262_companion_radio_full,T_Beam_S3_Supreme_SX1262_companion_radio_ble,saved powersave alias -> canonical replacement -> named Full Companion,auto|T_Beam_S3_Supreme_SX1262_companion_radio_ble_ps,not measured by this static routing audit
tracked_primary,raw_platformio_environment,T_Beam_S3_Supreme_SX1262_companion_radio_wifi,t_beams3_supreme,legacy_Companion_or_transport_alias,source,False,False,False,False,False,False,False,False,False,True,False,True,T_Beam_S3_Supreme_SX1262_companion_radio_wifi,T_Beam_S3_Supreme_SX1262_companion_radio_full,T_Beam_S3_Supreme_SX1262_companion_radio_ble,canonical replacement -> named Full Companion,auto|T_Beam_S3_Supreme_SX1262_companion_radio_wifi,not measured by this static routing audit
tracked_primary,raw_platformio_environment,T_Beam_S3_Supreme_SX1262_kiss_modem,t_beams3_supreme,host_modem_KISS,KISS,True,False,False,False,False,False,False,False,False,False,True,False,T_Beam_S3_Supreme_SX1262_kiss_modem,,,,auto|T_Beam_S3_Supreme_SX1262_kiss_modem,not measured by this static routing audit
tracked_primary,raw_platformio_environment,Tbeam_SX1262_companion_radio_ble,ttgo-t-beam,legacy_Companion_or_transport_alias,source,False,False,False,False,False,False,False,False,False,True,False,True,Tbeam_SX1262_companion_radio_ble,Tbeam_SX1262_companion_radio_full,Tbeam_SX1262_companion_radio_ble,canonical replacement -> named Full Companion,auto|Tbeam_SX1262_companion_radio_ble,not measured by this static routing audit
tracked_primary,raw_platformio_environment,Tbeam_SX1262_companion_radio_ble_ps,ttgo-t-beam,legacy_Companion_or_transport_alias,source,False,False,False,False,False,False,False,True,False,True,False,True,Tbeam_SX1262_companion_radio_ble_ps,Tbeam_SX1262_companion_radio_full,Tbeam_SX1262_companion_radio_ble,saved powersave alias -> canonical replacement -> named Full Companion,auto|Tbeam_SX1262_companion_radio_ble_ps,not measured by this static routing audit
tracked_primary,raw_platformio_environment,Tbeam_SX1262_repeater,ttgo-t-beam,node_firmware,legacy,True,True,False,True,False,False,False,False,False,False,False,False,Tbeam_SX1262_repeater,Tbeam_SX1262_repeater_observer_mqtt,Tbeam_SX1262_repeater_observer_mqtt,exact ordinary Full group choice,full|Tbeam_SX1262_repeater,not measured by this static routing audit
tracked_primary,raw_platformio_environment,Tbeam_SX1262_repeater_bridge_espnow,ttgo-t-beam,node_firmware,Full,False,False,False,True,False,False,True,False,False,False,False,True,Tbeam_SX1262_repeater_bridge_espnow,Tbeam_SX1262_repeater_observer_mqtt,Tbeam_SX1262_repeater_observer_mqtt,exact ordinary Full group choice,full|Tbeam_SX1262_repeater_bridge_espnow,not measured by this static routing audit
tracked_primary,raw_platformio_environment,Tbeam_SX1262_room_server,ttgo-t-beam,node_firmware,legacy,True,True,False,True,False,False,False,False,False,False,False,False,Tbeam_SX1262_room_server,Tbeam_SX1262_room_server_observer_mqtt,Tbeam_SX1262_room_server_observer_mqtt,exact ordinary Full group choice,full|Tbeam_SX1262_room_server,not measured by this static routing audit
tracked_primary,raw_platformio_environment,Tbeam_SX1262_kiss_modem,ttgo-t-beam,host_modem_KISS,KISS,True,False,False,False,False,False,False,False,False,False,True,False,Tbeam_SX1262_kiss_modem,,,,auto|Tbeam_SX1262_kiss_modem,not measured by this static routing audit
tracked_primary,raw_platformio_environment,Tbeam_SX1262_repeater_observer_mqtt,ttgo-t-beam,node_firmware,Full,True,True,False,True,False,False,True,False,False,False,False,False,Tbeam_SX1262_repeater_observer_mqtt,Tbeam_SX1262_repeater_observer_mqtt,Tbeam_SX1262_repeater_observer_mqtt,exact ordinary Full group choice,full|Tbeam_SX1262_repeater_observer_mqtt,not measured by this static routing audit
tracked_primary,raw_platformio_environment,Tbeam_SX1262_room_server_observer_mqtt,ttgo-t-beam,node_firmware,Full,True,True,False,True,False,False,True,False,False,False,False,False,Tbeam_SX1262_room_server_observer_mqtt,Tbeam_SX1262_room_server_observer_mqtt,Tbeam_SX1262_room_server_observer_mqtt,exact ordinary Full group choice,full|Tbeam_SX1262_room_server_observer_mqtt,not measured by this static routing audit
tracked_primary,raw_platformio_environment,Tbeam_SX1276_companion_radio_ble,ttgo-t-beam,legacy_Companion_or_transport_alias,source,False,False,False,False,False,False,False,False,False,True,False,True,Tbeam_SX1276_companion_radio_ble,Tbeam_SX1276_companion_radio_full,Tbeam_SX1276_companion_radio_ble,canonical replacement -> named Full Companion,auto|Tbeam_SX1276_companion_radio_ble,not measured by this static routing audit
tracked_primary,raw_platformio_environment,Tbeam_SX1276_companion_radio_ble_ps,ttgo-t-beam,legacy_Companion_or_transport_alias,source,False,False,False,False,False,False,False,True,False,True,False,True,Tbeam_SX1276_companion_radio_ble_ps,Tbeam_SX1276_companion_radio_full,Tbeam_SX1276_companion_radio_ble,saved powersave alias -> canonical replacement -> named Full Companion,auto|Tbeam_SX1276_companion_radio_ble_ps,not measured by this static routing audit
tracked_primary,raw_platformio_environment,Tbeam_SX1276_repeater,ttgo-t-beam,node_firmware,legacy,True,True,False,True,False,False,False,False,False,False,False,False,Tbeam_SX1276_repeater,Tbeam_SX1276_repeater_observer_mqtt,Tbeam_SX1276_repeater_observer_mqtt,exact ordinary Full group choice,full|Tbeam_SX1276_repeater,not measured by this static routing audit
tracked_primary,raw_platformio_environment,Tbeam_SX1276_repeater_bridge_espnow,ttgo-t-beam,node_firmware,Full,False,False,False,True,False,False,True,False,False,False,False,True,Tbeam_SX1276_repeater_bridge_espnow,Tbeam_SX1276_repeater_observer_mqtt,Tbeam_SX1276_repeater_observer_mqtt,exact ordinary Full group choice,full|Tbeam_SX1276_repeater_bridge_espnow,not measured by this static routing audit
tracked_primary,raw_platformio_environment,Tbeam_SX1276_room_server,ttgo-t-beam,node_firmware,legacy,True,True,False,True,False,False,False,False,False,False,False,False,Tbeam_SX1276_room_server,Tbeam_SX1276_room_server_observer_mqtt,Tbeam_SX1276_room_server_observer_mqtt,exact ordinary Full group choice,full|Tbeam_SX1276_room_server,not measured by this static routing audit
tracked_primary,raw_platformio_environment,Tbeam_SX1276_kiss_modem,ttgo-t-beam,host_modem_KISS,KISS,True,False,False,False,False,False,False,False,False,False,True,False,Tbeam_SX1276_kiss_modem,,,,auto|Tbeam_SX1276_kiss_modem,not measured by this static routing audit
tracked_primary,raw_platformio_environment,Tbeam_SX1276_repeater_observer_mqtt,ttgo-t-beam,node_firmware,Full,True,True,False,True,False,False,True,False,False,False,False,False,Tbeam_SX1276_repeater_observer_mqtt,Tbeam_SX1276_repeater_observer_mqtt,Tbeam_SX1276_repeater_observer_mqtt,exact ordinary Full group choice,full|Tbeam_SX1276_repeater_observer_mqtt,not measured by this static routing audit
tracked_primary,raw_platformio_environment,Tbeam_SX1276_room_server_observer_mqtt,ttgo-t-beam,node_firmware,Full,True,True,False,True,False,False,True,False,False,False,False,False,Tbeam_SX1276_room_server_observer_mqtt,Tbeam_SX1276_room_server_observer_mqtt,Tbeam_SX1276_room_server_observer_mqtt,exact ordinary Full group choice,full|Tbeam_SX1276_room_server_observer_mqtt,not measured by this static routing audit
tracked_primary,raw_platformio_environment,LilyGo_TDeck_companion_radio_usb,t-deck,legacy_Companion_or_transport_alias,source,False,False,False,False,False,False,False,False,False,True,False,True,LilyGo_TDeck_companion_radio_usb,LilyGo_TDeck_companion_radio_full,LilyGo_TDeck_companion_radio_ble,canonical replacement -> named Full Companion,auto|LilyGo_TDeck_companion_radio_usb,not measured by this static routing audit
tracked_primary,raw_platformio_environment,LilyGo_TDeck_companion_radio_ble,t-deck,legacy_Companion_or_transport_alias,source,False,False,False,False,False,False,False,False,False,True,False,True,LilyGo_TDeck_companion_radio_ble,LilyGo_TDeck_companion_radio_full,LilyGo_TDeck_companion_radio_ble,canonical replacement -> named Full Companion,auto|LilyGo_TDeck_companion_radio_ble,not measured by this static routing audit
tracked_primary,raw_platformio_environment,LilyGo_TDeck_repeater,t-deck,node_firmware,Full,True,True,False,True,True,False,False,False,False,False,False,False,LilyGo_TDeck_repeater,LilyGo_TDeck_repeater,LilyGo_TDeck_repeater,exact ordinary Full group choice,full|LilyGo_TDeck_repeater,not measured by this static routing audit
tracked_primary,raw_platformio_environment,LilyGo_TDeck_kiss_modem,t-deck,host_modem_KISS,KISS,True,False,False,False,False,False,False,False,False,False,True,False,LilyGo_TDeck_kiss_modem,,,,auto|LilyGo_TDeck_kiss_modem,not measured by this static routing audit
tracked_primary,raw_platformio_environment,LilyGo_TETH_Elite_sx1262_repeater,esp32s3box,node_firmware,Full,True,True,False,True,True,False,False,False,False,False,False,False,LilyGo_TETH_Elite_sx1262_repeater,LilyGo_TETH_Elite_sx1262_repeater,LilyGo_TETH_Elite_sx1262_repeater_observer_mqtt,exact ordinary Full group choice,full|LilyGo_TETH_Elite_sx1262_repeater_observer_mqtt,not measured by this static routing audit
tracked_primary,raw_platformio_environment,LilyGo_TETH_Elite_sx1262_room_server,esp32s3box,node_firmware,Full,True,True,False,True,True,False,False,False,False,False,False,False,LilyGo_TETH_Elite_sx1262_room_server,LilyGo_TETH_Elite_sx1262_room_server,LilyGo_TETH_Elite_sx1262_room_server_observer_mqtt,exact ordinary Full group choice,full|LilyGo_TETH_Elite_sx1262_room_server_observer_mqtt,not measured by this static routing audit
tracked_primary,raw_platformio_environment,LilyGo_TETH_Elite_sx1262_companion_radio_usb,esp32s3box,legacy_Companion_or_transport_alias,source,False,False,False,False,False,False,False,False,False,True,False,True,LilyGo_TETH_Elite_sx1262_companion_radio_usb,LilyGo_TETH_Elite_sx1262_companion_radio_full,LilyGo_TETH_Elite_sx1262_companion_radio_ble,canonical replacement -> named Full Companion,auto|LilyGo_TETH_Elite_sx1262_companion_radio_usb,not measured by this static routing audit
tracked_primary,raw_platformio_environment,LilyGo_TETH_Elite_sx1262_companion_radio_ble,esp32s3box,legacy_Companion_or_transport_alias,source,False,False,False,False,False,False,False,False,False,True,False,True,LilyGo_TETH_Elite_sx1262_companion_radio_ble,LilyGo_TETH_Elite_sx1262_companion_radio_full,LilyGo_TETH_Elite_sx1262_companion_radio_ble,canonical replacement -> named Full Companion,auto|LilyGo_TETH_Elite_sx1262_companion_radio_ble,not measured by this static routing audit
tracked_primary,raw_platformio_environment,LilyGo_TETH_Elite_sx1262_kiss_modem,esp32s3box,host_modem_KISS,KISS,True,False,False,False,False,False,False,False,False,False,True,False,LilyGo_TETH_Elite_sx1262_kiss_modem,,,,auto|LilyGo_TETH_Elite_sx1262_kiss_modem,not measured by this static routing audit
tracked_primary,raw_platformio_environment,LilyGo_TETH_Elite_sx1262_repeater_observer_mqtt,esp32s3box,node_firmware,Full,True,True,False,True,True,False,True,False,False,False,False,False,LilyGo_TETH_Elite_sx1262_repeater_observer_mqtt,LilyGo_TETH_Elite_sx1262_repeater,LilyGo_TETH_Elite_sx1262_repeater_observer_mqtt,exact ordinary Full group choice,full|LilyGo_TETH_Elite_sx1262_repeater_observer_mqtt,not measured by this static routing audit
tracked_primary,raw_platformio_environment,LilyGo_TETH_Elite_sx1262_room_server_observer_mqtt,esp32s3box,node_firmware,Full,True,True,False,True,True,False,True,False,False,False,False,False,LilyGo_TETH_Elite_sx1262_room_server_observer_mqtt,LilyGo_TETH_Elite_sx1262_room_server,LilyGo_TETH_Elite_sx1262_room_server_observer_mqtt,exact ordinary Full group choice,full|LilyGo_TETH_Elite_sx1262_room_server_observer_mqtt,not measured by this static routing audit
tracked_primary,raw_platformio_environment,LilyGo_Tlora_C6_repeater_,esp32-c6-devkitm-1,node_firmware,legacy,True,True,False,True,False,False,False,False,False,False,False,False,LilyGo_Tlora_C6_repeater_,LilyGo_Tlora_C6_repeater_,LilyGo_Tlora_C6_repeater_,exact ordinary Full group choice,full|LilyGo_Tlora_C6_repeater_,not measured by this static routing audit
tracked_primary,raw_platformio_environment,LilyGo_Tlora_C6_room_server_,esp32-c6-devkitm-1,node_firmware,legacy,True,True,False,True,False,False,False,False,False,False,False,False,LilyGo_Tlora_C6_room_server_,LilyGo_Tlora_C6_room_server_,LilyGo_Tlora_C6_room_server_,exact ordinary Full group choice,full|LilyGo_Tlora_C6_room_server_,not measured by this static routing audit
tracked_primary,raw_platformio_environment,LilyGo_Tlora_C6_companion_radio_ble_,esp32-c6-devkitm-1,legacy_Companion_or_transport_alias,source,False,False,False,False,False,False,False,False,False,True,False,True,LilyGo_Tlora_C6_companion_radio_ble_,LilyGo_Tlora_C6_companion_radio_full_,LilyGo_Tlora_C6_companion_radio_ble_,canonical replacement -> named Full Companion,auto|LilyGo_Tlora_C6_companion_radio_ble_,not measured by this static routing audit
tracked_primary,raw_platformio_environment,LilyGo_Tlora_C6_kiss_modem,esp32-c6-devkitm-1,host_modem_KISS,KISS,True,False,False,False,False,False,False,False,False,False,True,False,LilyGo_Tlora_C6_kiss_modem,,,,auto|LilyGo_Tlora_C6_kiss_modem,not measured by this static routing audit
tracked_primary,raw_platformio_environment,LilyGo_TLora_V2_1_1_6_repeater,ttgo-lora32-v1,node_firmware,legacy,True,True,False,True,False,False,False,False,False,False,False,False,LilyGo_TLora_V2_1_1_6_repeater,LilyGo_TLora_V2_1_1_6_repeater,LilyGo_TLora_V2_1_1_6_repeater,exact ordinary Full group choice,full|LilyGo_TLora_V2_1_1_6_repeater,not measured by this static routing audit
tracked_primary,raw_platformio_environment,LilyGo_TLora_V2_1_1_6_terminal_chat,ttgo-lora32-v1,node_firmware,legacy,False,False,False,False,False,False,False,False,False,False,False,True,LilyGo_TLora_V2_1_1_6_terminal_chat,LilyGo_TLora_V2_1_1_6_companion_radio_full,LilyGo_TLora_V2_1_1_6_companion_radio_wifi,canonical replacement -> named Full Companion,auto|LilyGo_TLora_V2_1_1_6_terminal_chat,not measured by this static routing audit
tracked_primary,raw_platformio_environment,LilyGo_TLora_V2_1_1_6_companion_radio_usb,ttgo-lora32-v1,legacy_Companion_or_transport_alias,source,False,False,False,False,False,False,False,False,False,True,False,True,LilyGo_TLora_V2_1_1_6_companion_radio_usb,LilyGo_TLora_V2_1_1_6_companion_radio_full,LilyGo_TLora_V2_1_1_6_companion_radio_wifi,canonical replacement -> named Full Companion,auto|LilyGo_TLora_V2_1_1_6_companion_radio_usb,not measured by this static routing audit
tracked_primary,raw_platformio_environment,LilyGo_TLora_V2_1_1_6_companion_radio_ble,ttgo-lora32-v1,legacy_Companion_or_transport_alias,source,False,False,False,False,False,False,False,False,False,True,False,True,LilyGo_TLora_V2_1_1_6_companion_radio_ble,LilyGo_TLora_V2_1_1_6_companion_radio_full,LilyGo_TLora_V2_1_1_6_companion_radio_wifi,canonical replacement -> named Full Companion,auto|LilyGo_TLora_V2_1_1_6_companion_radio_ble,not measured by this static routing audit
tracked_primary,raw_platformio_environment,LilyGo_TLora_V2_1_1_6_companion_radio_ble_ps,ttgo-lora32-v1,legacy_Companion_or_transport_alias,source,False,False,False,False,False,False,False,True,False,True,False,True,LilyGo_TLora_V2_1_1_6_companion_radio_ble_ps,LilyGo_TLora_V2_1_1_6_companion_radio_full,LilyGo_TLora_V2_1_1_6_companion_radio_wifi,saved powersave alias -> canonical replacement -> named Full Companion,auto|LilyGo_TLora_V2_1_1_6_companion_radio_ble_ps,not measured by this static routing audit
tracked_primary,raw_platformio_environment,LilyGo_TLora_V2_1_1_6_room_server,ttgo-lora32-v1,node_firmware,legacy,True,True,False,True,False,False,False,False,False,False,False,False,LilyGo_TLora_V2_1_1_6_room_server,LilyGo_TLora_V2_1_1_6_room_server_observer_mqtt_,LilyGo_TLora_V2_1_1_6_room_server_observer_mqtt_,exact ordinary Full group choice,full|LilyGo_TLora_V2_1_1_6_room_server_observer_mqtt_,not measured by this static routing audit
tracked_primary,raw_platformio_environment,LilyGo_TLora_V2_1_1_6_repeater_observer_mqtt_,ttgo-lora32-v1,node_firmware,Full,True,True,False,True,False,False,True,False,False,False,False,False,LilyGo_TLora_V2_1_1_6_repeater_observer_mqtt_,LilyGo_TLora_V2_1_1_6_repeater_observer_mqtt_,LilyGo_TLora_V2_1_1_6_repeater_observer_mqtt_,exact ordinary Full group choice,full|LilyGo_TLora_V2_1_1_6_repeater_observer_mqtt_,not measured by this static routing audit
tracked_primary,raw_platformio_environment,LilyGo_TLora_V2_1_1_6_room_server_observer_mqtt_,ttgo-lora32-v1,node_firmware,Full,True,True,False,True,False,False,True,False,False,False,False,False,LilyGo_TLora_V2_1_1_6_room_server_observer_mqtt_,LilyGo_TLora_V2_1_1_6_room_server_observer_mqtt_,LilyGo_TLora_V2_1_1_6_room_server_observer_mqtt_,exact ordinary Full group choice,full|LilyGo_TLora_V2_1_1_6_room_server_observer_mqtt_,not measured by this static routing audit
tracked_primary,raw_platformio_environment,LilyGo_TLora_V2_1_1_6_companion_radio_wifi,ttgo-lora32-v1,legacy_Companion_or_transport_alias,source,False,False,False,True,False,False,False,False,False,True,False,True,LilyGo_TLora_V2_1_1_6_companion_radio_wifi,LilyGo_TLora_V2_1_1_6_companion_radio_full,LilyGo_TLora_V2_1_1_6_companion_radio_wifi,canonical replacement -> named Full Companion,full|LilyGo_TLora_V2_1_1_6_companion_radio_wifi,not measured by this static routing audit
tracked_primary,raw_platformio_environment,LilyGo_TLora_V2_1_1_6_repeater_bridge_rs232,ttgo-lora32-v1,node_firmware,legacy,False,False,False,True,False,False,False,False,False,False,False,True,LilyGo_TLora_V2_1_1_6_repeater_bridge_rs232,LilyGo_TLora_V2_1_1_6_repeater,LilyGo_TLora_V2_1_1_6_repeater,canonical replacement -> exact ordinary Full group choice,full|LilyGo_TLora_V2_1_1_6_repeater_bridge_rs232,not measured by this static routing audit
tracked_primary,raw_platformio_environment,LilyGo_TLora_V2_1_1_6_repeater_bridge_espnow,ttgo-lora32-v1,node_firmware,Full,False,False,False,True,False,False,True,False,False,False,False,True,LilyGo_TLora_V2_1_1_6_repeater_bridge_espnow,LilyGo_TLora_V2_1_1_6_repeater,LilyGo_TLora_V2_1_1_6_repeater,exact ordinary Full group choice,full|LilyGo_TLora_V2_1_1_6_repeater_bridge_espnow,not measured by this static routing audit
tracked_primary,raw_platformio_environment,LilyGo_TLora_V2_1_1_6_kiss_modem,ttgo-lora32-v1,host_modem_KISS,KISS,True,False,False,False,False,False,False,False,False,False,True,False,LilyGo_TLora_V2_1_1_6_kiss_modem,,,,auto|LilyGo_TLora_V2_1_1_6_kiss_modem,not measured by this static routing audit
tracked_primary,raw_platformio_environment,M5Stack_Unit_C6L_repeater,esp32-c6-devkitm-1,node_firmware,legacy,True,True,False,True,False,False,False,False,False,False,False,False,M5Stack_Unit_C6L_repeater,M5Stack_Unit_C6L_repeater,M5Stack_Unit_C6L_repeater,exact ordinary Full group choice,full|M5Stack_Unit_C6L_repeater,not measured by this static routing audit
tracked_primary,raw_platformio_environment,M5Stack_Unit_C6L_room_server,esp32-c6-devkitm-1,node_firmware,legacy,True,True,False,True,False,False,False,False,False,False,False,False,M5Stack_Unit_C6L_room_server,M5Stack_Unit_C6L_room_server,M5Stack_Unit_C6L_room_server,exact ordinary Full group choice,full|M5Stack_Unit_C6L_room_server,not measured by this static routing audit
tracked_primary,raw_platformio_environment,M5Stack_Unit_C6L_companion_radio_ble,esp32-c6-devkitm-1,legacy_Companion_or_transport_alias,source,False,False,False,False,False,False,False,False,False,True,False,True,M5Stack_Unit_C6L_companion_radio_ble,M5Stack_Unit_C6L_companion_radio_full,M5Stack_Unit_C6L_companion_radio_ble,canonical replacement -> named Full Companion,auto|M5Stack_Unit_C6L_companion_radio_ble,not measured by this static routing audit
tracked_primary,raw_platformio_environment,M5Stack_Unit_C6L_companion_radio_usb,esp32-c6-devkitm-1,legacy_Companion_or_transport_alias,source,False,False,False,False,False,False,False,False,False,True,False,True,M5Stack_Unit_C6L_companion_radio_usb,M5Stack_Unit_C6L_companion_radio_full,M5Stack_Unit_C6L_companion_radio_ble,canonical replacement -> named Full Companion,auto|M5Stack_Unit_C6L_companion_radio_usb,not measured by this static routing audit
tracked_primary,raw_platformio_environment,M5Stack_Unit_C6L_kiss_modem,esp32-c6-devkitm-1,host_modem_KISS,KISS,True,False,False,False,False,False,False,False,False,False,True,False,M5Stack_Unit_C6L_kiss_modem,,,,auto|M5Stack_Unit_C6L_kiss_modem,not measured by this static routing audit
tracked_primary,raw_platformio_environment,Meshadventurer_sx1262_repeater,esp32doit-devkit-v1,node_firmware,legacy,True,True,False,True,False,False,False,False,False,False,False,False,Meshadventurer_sx1262_repeater,Meshadventurer_sx1262_repeater,Meshadventurer_sx1262_repeater,exact ordinary Full group choice,full|Meshadventurer_sx1262_repeater,not measured by this static routing audit
tracked_primary,raw_platformio_environment,Meshadventurer_sx1262_repeater_bridge_espnow,esp32doit-devkit-v1,node_firmware,Full,False,False,False,True,False,False,True,False,False,False,False,True,Meshadventurer_sx1262_repeater_bridge_espnow,Meshadventurer_sx1262_repeater,Meshadventurer_sx1262_repeater,exact ordinary Full group choice,full|Meshadventurer_sx1262_repeater_bridge_espnow,not measured by this static routing audit
tracked_primary,raw_platformio_environment,Meshadventurer_sx1268_repeater,esp32doit-devkit-v1,node_firmware,legacy,True,True,False,True,False,False,False,False,False,False,False,False,Meshadventurer_sx1268_repeater,Meshadventurer_sx1268_repeater,Meshadventurer_sx1268_repeater,exact ordinary Full group choice,full|Meshadventurer_sx1268_repeater,not measured by this static routing audit
tracked_primary,raw_platformio_environment,Meshadventurer_sx1268_repeater_bridge_espnow,esp32doit-devkit-v1,node_firmware,Full,False,False,False,True,False,False,True,False,False,False,False,True,Meshadventurer_sx1268_repeater_bridge_espnow,Meshadventurer_sx1268_repeater,Meshadventurer_sx1268_repeater,exact ordinary Full group choice,full|Meshadventurer_sx1268_repeater_bridge_espnow,not measured by this static routing audit
tracked_primary,raw_platformio_environment,Meshadventurer_sx1262_companion_radio_usb,esp32doit-devkit-v1,legacy_Companion_or_transport_alias,source,False,False,False,False,False,False,False,False,False,True,False,True,Meshadventurer_sx1262_companion_radio_usb,Meshadventurer_sx1262_companion_radio_full,Meshadventurer_sx1262_companion_radio_ble,canonical replacement -> named Full Companion,auto|Meshadventurer_sx1262_companion_radio_usb,not measured by this static routing audit
tracked_primary,raw_platformio_environment,Meshadventurer_sx1262_companion_radio_ble,esp32doit-devkit-v1,legacy_Companion_or_transport_alias,source,False,False,False,False,False,False,False,False,False,True,False,True,Meshadventurer_sx1262_companion_radio_ble,Meshadventurer_sx1262_companion_radio_full,Meshadventurer_sx1262_companion_radio_ble,canonical replacement -> named Full Companion,auto|Meshadventurer_sx1262_companion_radio_ble,not measured by this static routing audit
tracked_primary,raw_platformio_environment,Meshadventurer_sx1262_terminal_chat,esp32doit-devkit-v1,node_firmware,legacy,False,False,False,False,False,False,False,False,False,False,False,True,Meshadventurer_sx1262_terminal_chat,Meshadventurer_sx1262_companion_radio_full,Meshadventurer_sx1262_companion_radio_ble,canonical replacement -> named Full Companion,auto|Meshadventurer_sx1262_terminal_chat,not measured by this static routing audit
tracked_primary,raw_platformio_environment,Meshadventurer_sx1262_room_server,esp32doit-devkit-v1,node_firmware,legacy,True,True,False,True,False,False,False,False,False,False,False,False,Meshadventurer_sx1262_room_server,Meshadventurer_sx1262_room_server,Meshadventurer_sx1262_room_server,exact ordinary Full group choice,full|Meshadventurer_sx1262_room_server,not measured by this static routing audit
tracked_primary,raw_platformio_environment,Meshadventurer_sx1268_companion_radio_usb,esp32doit-devkit-v1,legacy_Companion_or_transport_alias,source,False,False,False,False,False,False,False,False,False,True,False,True,Meshadventurer_sx1268_companion_radio_usb,Meshadventurer_sx1268_companion_radio_full,Meshadventurer_sx1268_companion_radio_ble,canonical replacement -> named Full Companion,auto|Meshadventurer_sx1268_companion_radio_usb,not measured by this static routing audit
tracked_primary,raw_platformio_environment,Meshadventurer_sx1268_companion_radio_ble,esp32doit-devkit-v1,legacy_Companion_or_transport_alias,source,False,False,False,False,False,False,False,False,False,True,False,True,Meshadventurer_sx1268_companion_radio_ble,Meshadventurer_sx1268_companion_radio_full,Meshadventurer_sx1268_companion_radio_ble,canonical replacement -> named Full Companion,auto|Meshadventurer_sx1268_companion_radio_ble,not measured by this static routing audit
tracked_primary,raw_platformio_environment,Meshadventurer_sx1268_terminal_chat,esp32doit-devkit-v1,node_firmware,legacy,False,False,False,False,False,False,False,False,False,False,False,True,Meshadventurer_sx1268_terminal_chat,Meshadventurer_sx1268_companion_radio_full,Meshadventurer_sx1268_companion_radio_ble,canonical replacement -> named Full Companion,auto|Meshadventurer_sx1268_terminal_chat,not measured by this static routing audit
tracked_primary,raw_platformio_environment,Meshadventurer_sx1268_room_server,esp32doit-devkit-v1,node_firmware,legacy,True,True,False,True,False,False,False,False,False,False,False,False,Meshadventurer_sx1268_room_server,Meshadventurer_sx1268_room_server,Meshadventurer_sx1268_room_server,exact ordinary Full group choice,full|Meshadventurer_sx1268_room_server,not measured by this static routing audit
tracked_primary,raw_platformio_environment,Meshadventurer_sx1262_kiss_modem,esp32doit-devkit-v1,host_modem_KISS,KISS,True,False,False,False,False,False,False,False,False,False,True,False,Meshadventurer_sx1262_kiss_modem,,,,auto|Meshadventurer_sx1262_kiss_modem,not measured by this static routing audit
tracked_primary,raw_platformio_environment,Meshadventurer_sx1268_kiss_modem,esp32doit-devkit-v1,host_modem_KISS,KISS,True,False,False,False,False,False,False,False,False,False,True,False,Meshadventurer_sx1268_kiss_modem,,,,auto|Meshadventurer_sx1268_kiss_modem,not measured by this static routing audit
tracked_primary,raw_platformio_environment,meshnology_w12_repeater,meshnology_w12,node_firmware,Full,True,True,False,True,True,False,False,False,False,False,False,False,meshnology_w12_repeater,meshnology_w12_repeater,meshnology_w12_repeater_observer_mqtt,exact ordinary Full group choice,full|meshnology_w12_repeater_observer_mqtt,not measured by this static routing audit
tracked_primary,raw_platformio_environment,meshnology_w12_repeater_bridge_espnow,meshnology_w12,node_firmware,Full,False,False,False,True,True,False,True,False,False,False,False,True,meshnology_w12_repeater_bridge_espnow,meshnology_w12_repeater,meshnology_w12_repeater_observer_mqtt,exact ordinary Full group choice,full|meshnology_w12_repeater_observer_mqtt,not measured by this static routing audit
tracked_primary,raw_platformio_environment,meshnology_w12_room_server,meshnology_w12,node_firmware,Full,True,True,False,True,True,False,False,False,False,False,False,False,meshnology_w12_room_server,meshnology_w12_room_server,meshnology_w12_room_server_observer_mqtt,exact ordinary Full group choice,full|meshnology_w12_room_server_observer_mqtt,not measured by this static routing audit
tracked_primary,raw_platformio_environment,meshnology_w12_terminal_chat,meshnology_w12,node_firmware,legacy,False,False,False,False,False,False,False,False,False,False,False,True,meshnology_w12_terminal_chat,meshnology_w12_companion_radio_full,meshnology_w12_companion_radio_full,canonical replacement -> named Full Companion,auto|meshnology_w12_terminal_chat,not measured by this static routing audit
tracked_primary,raw_platformio_environment,meshnology_w12_companion_radio_usb,meshnology_w12,legacy_Companion_or_transport_alias,source,False,False,False,False,False,False,False,False,False,True,False,True,meshnology_w12_companion_radio_usb,meshnology_w12_companion_radio_full,meshnology_w12_companion_radio_full,canonical replacement -> named Full Companion,auto|meshnology_w12_companion_radio_usb,not measured by this static routing audit
tracked_primary,raw_platformio_environment,meshnology_w12_companion_radio_ble,meshnology_w12,legacy_Companion_or_transport_alias,source,False,False,False,False,False,False,False,False,False,True,False,True,meshnology_w12_companion_radio_ble,meshnology_w12_companion_radio_full,meshnology_w12_companion_radio_full,canonical replacement -> named Full Companion,auto|meshnology_w12_companion_radio_ble,not measured by this static routing audit
tracked_primary,raw_platformio_environment,meshnology_w12_companion_radio_wifi,meshnology_w12,legacy_Companion_or_transport_alias,source,False,False,False,False,False,False,False,False,False,True,False,True,meshnology_w12_companion_radio_wifi,meshnology_w12_companion_radio_full,meshnology_w12_companion_radio_full,canonical replacement -> named Full Companion,auto|meshnology_w12_companion_radio_wifi,not measured by this static routing audit
tracked_primary,raw_platformio_environment,meshnology_w12_companion_radio_full,meshnology_w12,named_Full_Companion,Full,True,True,True,False,False,False,False,False,False,True,False,False,meshnology_w12_companion_radio_full,meshnology_w12_companion_radio_full,meshnology_w12_companion_radio_full,named Full Companion,full|meshnology_w12_companion_radio_full,not measured by this static routing audit
tracked_primary,raw_platformio_environment,meshnology_w12_sensor,meshnology_w12,node_firmware,Full,True,True,False,True,True,False,False,False,False,False,False,False,meshnology_w12_sensor,meshnology_w12_sensor,meshnology_w12_sensor,exact ordinary Full group choice,full|meshnology_w12_sensor,not measured by this static routing audit
tracked_primary,raw_platformio_environment,meshnology_w12_kiss_modem,meshnology_w12,host_modem_KISS,KISS,True,False,False,False,False,False,False,False,False,False,True,False,meshnology_w12_kiss_modem,,,,auto|meshnology_w12_kiss_modem,not measured by this static routing audit
tracked_primary,raw_platformio_environment,meshnology_w12_repeater_observer_mqtt,meshnology_w12,node_firmware,Full,True,True,False,True,True,False,True,False,False,False,False,False,meshnology_w12_repeater_observer_mqtt,meshnology_w12_repeater,meshnology_w12_repeater_observer_mqtt,exact ordinary Full group choice,full|meshnology_w12_repeater_observer_mqtt,not measured by this static routing audit
tracked_primary,raw_platformio_environment,meshnology_w12_room_server_observer_mqtt,meshnology_w12,node_firmware,Full,True,True,False,True,True,False,True,False,False,False,False,False,meshnology_w12_room_server_observer_mqtt,meshnology_w12_room_server,meshnology_w12_room_server_observer_mqtt,exact ordinary Full group choice,full|meshnology_w12_room_server_observer_mqtt,not measured by this static routing audit
tracked_primary,raw_platformio_environment,MKE_s3_repeater,esp32-s3-devkitc-1,node_firmware,Full,True,True,False,True,True,False,False,False,False,False,False,False,MKE_s3_repeater,MKE_s3_repeater,MKE_s3_repeater,exact ordinary Full group choice,full|MKE_s3_repeater,not measured by this static routing audit
tracked_primary,raw_platformio_environment,MKE_s3_repeater_bridge_rs232,esp32-s3-devkitc-1,node_firmware,Full,False,False,False,True,True,False,False,False,False,False,False,True,MKE_s3_repeater_bridge_rs232,MKE_s3_repeater,MKE_s3_repeater,canonical replacement -> exact ordinary Full group choice,full|MKE_s3_repeater_bridge_rs232,not measured by this static routing audit
tracked_primary,raw_platformio_environment,MKE_s3_repeater_bridge_espnow,esp32-s3-devkitc-1,node_firmware,Full,False,False,False,True,True,False,True,False,False,False,False,True,MKE_s3_repeater_bridge_espnow,MKE_s3_repeater,MKE_s3_repeater,exact ordinary Full group choice,full|MKE_s3_repeater_bridge_espnow,not measured by this static routing audit
tracked_primary,raw_platformio_environment,MKE_s3_room_server,esp32-s3-devkitc-1,node_firmware,Full,True,True,False,True,True,False,False,False,False,False,False,False,MKE_s3_room_server,MKE_s3_room_server,MKE_s3_room_server,exact ordinary Full group choice,full|MKE_s3_room_server,not measured by this static routing audit
tracked_primary,raw_platformio_environment,MKE_s3_terminal_chat,esp32-s3-devkitc-1,node_firmware,legacy,False,False,False,False,False,False,False,False,False,False,False,True,MKE_s3_terminal_chat,MKE_s3_companion_radio_full,MKE_s3_companion_radio_wifi,canonical replacement -> named Full Companion,auto|MKE_s3_terminal_chat,not measured by this static routing audit
tracked_primary,raw_platformio_environment,MKE_s3_companion_radio_usb,esp32-s3-devkitc-1,legacy_Companion_or_transport_alias,source,False,False,False,False,False,False,False,False,False,True,False,True,MKE_s3_companion_radio_usb,MKE_s3_companion_radio_full,MKE_s3_companion_radio_wifi,canonical replacement -> named Full Companion,auto|MKE_s3_companion_radio_usb,not measured by this static routing audit
tracked_primary,raw_platformio_environment,MKE_s3_companion_radio_ble,esp32-s3-devkitc-1,legacy_Companion_or_transport_alias,source,False,False,False,False,False,False,False,False,False,True,False,True,MKE_s3_companion_radio_ble,MKE_s3_companion_radio_full,MKE_s3_companion_radio_wifi,canonical replacement -> named Full Companion,auto|MKE_s3_companion_radio_ble,not measured by this static routing audit
tracked_primary,raw_platformio_environment,MKE_s3_companion_radio_wifi,esp32-s3-devkitc-1,legacy_Companion_or_transport_alias,source,False,False,False,False,False,False,False,False,False,True,False,True,MKE_s3_companion_radio_wifi,MKE_s3_companion_radio_full,MKE_s3_companion_radio_wifi,canonical replacement -> named Full Companion,auto|MKE_s3_companion_radio_wifi,not measured by this static routing audit
tracked_primary,raw_platformio_environment,MKE_s3_sensor,esp32-s3-devkitc-1,node_firmware,Full,True,True,False,True,True,False,False,False,False,False,False,False,MKE_s3_sensor,MKE_s3_sensor,MKE_s3_sensor,exact ordinary Full group choice,full|MKE_s3_sensor,not measured by this static routing audit
tracked_primary,raw_platformio_environment,nibble_screen_connect_repeater_,esp32-s3-zero,node_firmware,legacy,True,True,False,True,False,True,False,False,False,False,False,False,nibble_screen_connect_repeater_,nibble_screen_connect_repeater_,nibble_screen_connect_repeater_,exact ordinary Full group choice,full|nibble_screen_connect_repeater_,not measured by this static routing audit
tracked_primary,raw_platformio_environment,nibble_screen_connect_repeater_bridge_espnow_,esp32-s3-zero,node_firmware,Full,False,False,False,True,False,False,True,False,False,False,False,True,nibble_screen_connect_repeater_bridge_espnow_,nibble_screen_connect_repeater_,nibble_screen_connect_repeater_,exact ordinary Full group choice,full|nibble_screen_connect_repeater_bridge_espnow_,not measured by this static routing audit
tracked_primary,raw_platformio_environment,nibble_screen_connect_terminal_chat_,esp32-s3-zero,node_firmware,legacy,False,False,False,False,False,False,False,False,False,False,False,True,nibble_screen_connect_terminal_chat_,nibble_screen_connect_companion_radio_full_,nibble_screen_connect_companion_radio_full_,canonical replacement -> named Full Companion,auto|nibble_screen_connect_terminal_chat_,not measured by this static routing audit
tracked_primary,raw_platformio_environment,nibble_screen_connect_room_server_,esp32-s3-zero,node_firmware,legacy,True,True,False,True,False,True,False,False,False,False,False,False,nibble_screen_connect_room_server_,nibble_screen_connect_room_server_,nibble_screen_connect_room_server_,exact ordinary Full group choice,full|nibble_screen_connect_room_server_,not measured by this static routing audit
tracked_primary,raw_platformio_environment,nibble_screen_connect_companion_radio_usb_,esp32-s3-zero,legacy_Companion_or_transport_alias,source,False,False,False,False,False,False,False,False,False,True,False,True,nibble_screen_connect_companion_radio_usb_,nibble_screen_connect_companion_radio_full_,nibble_screen_connect_companion_radio_full_,canonical replacement -> named Full Companion,auto|nibble_screen_connect_companion_radio_usb_,not measured by this static routing audit
tracked_primary,raw_platformio_environment,nibble_screen_connect_companion_radio_ble_,esp32-s3-zero,legacy_Companion_or_transport_alias,source,False,False,False,False,False,False,False,False,False,True,False,True,nibble_screen_connect_companion_radio_ble_,nibble_screen_connect_companion_radio_full_,nibble_screen_connect_companion_radio_full_,canonical replacement -> named Full Companion,auto|nibble_screen_connect_companion_radio_ble_,not measured by this static routing audit
tracked_primary,raw_platformio_environment,nibble_screen_connect_companion_radio_wifi_,esp32-s3-zero,legacy_Companion_or_transport_alias,source,False,False,False,False,False,False,False,False,False,True,False,True,nibble_screen_connect_companion_radio_wifi_,nibble_screen_connect_companion_radio_full_,nibble_screen_connect_companion_radio_full_,canonical replacement -> named Full Companion,auto|nibble_screen_connect_companion_radio_wifi_,not measured by this static routing audit
tracked_primary,raw_platformio_environment,nibble_screen_connect_companion_radio_full_,esp32-s3-zero,named_Full_Companion,Full,True,True,True,False,False,False,False,False,False,True,False,False,nibble_screen_connect_companion_radio_full_,nibble_screen_connect_companion_radio_full_,nibble_screen_connect_companion_radio_full_,named Full Companion,full|nibble_screen_connect_companion_radio_full_,not measured by this static routing audit
tracked_primary,raw_platformio_environment,nibble_screen_connect_kiss_modem_,esp32-s3-zero,host_modem_KISS,KISS,True,False,False,False,False,False,False,False,False,False,True,False,nibble_screen_connect_kiss_modem_,,,,auto|nibble_screen_connect_kiss_modem_,not measured by this static routing audit
tracked_primary,raw_platformio_environment,nibble_zero_connect_repeater_,esp32-s3-zero,node_firmware,legacy,True,True,False,True,False,True,False,False,False,False,False,False,nibble_zero_connect_repeater_,nibble_zero_connect_repeater_,nibble_zero_connect_repeater_,exact ordinary Full group choice,full|nibble_zero_connect_repeater_,not measured by this static routing audit
tracked_primary,raw_platformio_environment,nibble_zero_connect_repeater_bridge_espnow_,esp32-s3-zero,node_firmware,Full,False,False,False,True,False,False,True,False,False,False,False,True,nibble_zero_connect_repeater_bridge_espnow_,nibble_zero_connect_repeater_,nibble_zero_connect_repeater_,exact ordinary Full group choice,full|nibble_zero_connect_repeater_bridge_espnow_,not measured by this static routing audit
tracked_primary,raw_platformio_environment,nibble_zero_connect_terminal_chat_,esp32-s3-zero,node_firmware,legacy,False,False,False,False,False,False,False,False,False,False,False,True,nibble_zero_connect_terminal_chat_,nibble_zero_connect_companion_radio_full_,nibble_zero_connect_companion_radio_full_,canonical replacement -> named Full Companion,auto|nibble_zero_connect_terminal_chat_,not measured by this static routing audit
tracked_primary,raw_platformio_environment,nibble_zero_connect_room_server_,esp32-s3-zero,node_firmware,legacy,True,True,False,True,False,True,False,False,False,False,False,False,nibble_zero_connect_room_server_,nibble_zero_connect_room_server_,nibble_zero_connect_room_server_,exact ordinary Full group choice,full|nibble_zero_connect_room_server_,not measured by this static routing audit
tracked_primary,raw_platformio_environment,nibble_zero_connect_companion_radio_usb_,esp32-s3-zero,legacy_Companion_or_transport_alias,source,False,False,False,False,False,False,False,False,False,True,False,True,nibble_zero_connect_companion_radio_usb_,nibble_zero_connect_companion_radio_full_,nibble_zero_connect_companion_radio_full_,canonical replacement -> named Full Companion,auto|nibble_zero_connect_companion_radio_usb_,not measured by this static routing audit
tracked_primary,raw_platformio_environment,nibble_zero_connect_companion_radio_ble_,esp32-s3-zero,legacy_Companion_or_transport_alias,source,False,False,False,False,False,False,False,False,False,True,False,True,nibble_zero_connect_companion_radio_ble_,nibble_zero_connect_companion_radio_full_,nibble_zero_connect_companion_radio_full_,canonical replacement -> named Full Companion,auto|nibble_zero_connect_companion_radio_ble_,not measured by this static routing audit
tracked_primary,raw_platformio_environment,nibble_zero_connect_companion_radio_wifi_,esp32-s3-zero,legacy_Companion_or_transport_alias,source,False,False,False,False,False,False,False,False,False,True,False,True,nibble_zero_connect_companion_radio_wifi_,nibble_zero_connect_companion_radio_full_,nibble_zero_connect_companion_radio_full_,canonical replacement -> named Full Companion,auto|nibble_zero_connect_companion_radio_wifi_,not measured by this static routing audit
tracked_primary,raw_platformio_environment,nibble_zero_connect_companion_radio_full_,esp32-s3-zero,named_Full_Companion,Full,True,True,True,False,False,False,False,False,False,True,False,False,nibble_zero_connect_companion_radio_full_,nibble_zero_connect_companion_radio_full_,nibble_zero_connect_companion_radio_full_,named Full Companion,full|nibble_zero_connect_companion_radio_full_,not measured by this static routing audit
tracked_primary,raw_platformio_environment,RAK_3112_repeater,esp32-s3-devkitc-1,node_firmware,Full,True,True,False,True,True,False,False,False,False,False,False,False,RAK_3112_repeater,RAK_3112_repeater,RAK_3112_repeater_observer_mqtt,exact ordinary Full group choice,full|RAK_3112_repeater_observer_mqtt,not measured by this static routing audit
tracked_primary,raw_platformio_environment,RAK_3112_repeater_bridge_rs232,esp32-s3-devkitc-1,node_firmware,Full,False,False,False,True,True,False,False,False,False,False,False,True,RAK_3112_repeater_bridge_rs232,RAK_3112_repeater,RAK_3112_repeater_observer_mqtt,canonical replacement -> exact ordinary Full group choice,full|RAK_3112_repeater_bridge_rs232,not measured by this static routing audit
tracked_primary,raw_platformio_environment,RAK_3112_repeater_bridge_espnow,esp32-s3-devkitc-1,node_firmware,Full,False,False,False,True,True,False,True,False,False,False,False,True,RAK_3112_repeater_bridge_espnow,RAK_3112_repeater,RAK_3112_repeater_observer_mqtt,exact ordinary Full group choice,full|RAK_3112_repeater_observer_mqtt,not measured by this static routing audit
tracked_primary,raw_platformio_environment,RAK_3112_repeater_observer_mqtt,esp32-s3-devkitc-1,node_firmware,Full,True,True,False,True,True,False,True,False,False,False,False,False,RAK_3112_repeater_observer_mqtt,RAK_3112_repeater,RAK_3112_repeater_observer_mqtt,exact ordinary Full group choice,full|RAK_3112_repeater_observer_mqtt,not measured by this static routing audit
tracked_primary,raw_platformio_environment,RAK_3112_room_server,esp32-s3-devkitc-1,node_firmware,Full,True,True,False,True,True,False,False,False,False,False,False,False,RAK_3112_room_server,RAK_3112_room_server,RAK_3112_room_server_observer_mqtt,exact ordinary Full group choice,full|RAK_3112_room_server_observer_mqtt,not measured by this static routing audit
tracked_primary,raw_platformio_environment,RAK_3112_room_server_observer_mqtt,esp32-s3-devkitc-1,node_firmware,Full,True,True,False,True,True,False,True,False,False,False,False,False,RAK_3112_room_server_observer_mqtt,RAK_3112_room_server,RAK_3112_room_server_observer_mqtt,exact ordinary Full group choice,full|RAK_3112_room_server_observer_mqtt,not measured by this static routing audit
tracked_primary,raw_platformio_environment,RAK_3112_terminal_chat,esp32-s3-devkitc-1,node_firmware,legacy,False,False,False,False,False,False,False,False,False,False,False,True,RAK_3112_terminal_chat,RAK_3112_companion_radio_full,RAK_3112_companion_radio_full,canonical replacement -> named Full Companion,auto|RAK_3112_terminal_chat,not measured by this static routing audit
tracked_primary,raw_platformio_environment,RAK_3112_companion_radio_usb,esp32-s3-devkitc-1,legacy_Companion_or_transport_alias,source,False,False,False,False,False,False,False,False,False,True,False,True,RAK_3112_companion_radio_usb,RAK_3112_companion_radio_full,RAK_3112_companion_radio_full,canonical replacement -> named Full Companion,auto|RAK_3112_companion_radio_usb,not measured by this static routing audit
tracked_primary,raw_platformio_environment,RAK_3112_companion_radio_ble,esp32-s3-devkitc-1,legacy_Companion_or_transport_alias,source,False,False,False,False,False,False,False,False,False,True,False,True,RAK_3112_companion_radio_ble,RAK_3112_companion_radio_full,RAK_3112_companion_radio_full,canonical replacement -> named Full Companion,auto|RAK_3112_companion_radio_ble,not measured by this static routing audit
tracked_primary,raw_platformio_environment,RAK_3112_companion_radio_wifi,esp32-s3-devkitc-1,legacy_Companion_or_transport_alias,source,False,False,False,False,False,False,False,False,False,True,False,True,RAK_3112_companion_radio_wifi,RAK_3112_companion_radio_full,RAK_3112_companion_radio_full,canonical replacement -> named Full Companion,auto|RAK_3112_companion_radio_wifi,not measured by this static routing audit
tracked_primary,raw_platformio_environment,RAK_3112_companion_radio_full,esp32-s3-devkitc-1,named_Full_Companion,Full,True,True,True,False,False,False,False,False,False,True,False,False,RAK_3112_companion_radio_full,RAK_3112_companion_radio_full,RAK_3112_companion_radio_full,named Full Companion,full|RAK_3112_companion_radio_full,not measured by this static routing audit
tracked_primary,raw_platformio_environment,RAK_3112_sensor,esp32-s3-devkitc-1,node_firmware,Full,True,True,False,True,True,False,False,False,False,False,False,False,RAK_3112_sensor,RAK_3112_sensor,RAK_3112_sensor,exact ordinary Full group choice,full|RAK_3112_sensor,not measured by this static routing audit
tracked_primary,raw_platformio_environment,RAK_3112_kiss_modem,esp32-s3-devkitc-1,host_modem_KISS,KISS,True,False,False,False,False,False,False,False,False,False,True,False,RAK_3112_kiss_modem,,,,auto|RAK_3112_kiss_modem,not measured by this static routing audit
tracked_primary,raw_platformio_environment,SenseCapIndicator-ESPNow_comp_radio_usb,esp32-s3-devkitc-1,legacy_Companion_or_transport_alias,source,False,False,False,False,False,False,False,False,False,True,False,True,SenseCapIndicator-ESPNow_comp_radio_usb,SenseCapIndicator-ESPNow_companion_radio_full,SenseCapIndicator-ESPNow_comp_radio_usb,canonical replacement -> named Full Companion,auto|SenseCapIndicator-ESPNow_comp_radio_usb,not measured by this static routing audit
tracked_primary,raw_platformio_environment,SenseCapIndicator-LoRa_comp_radio_usb,esp32-s3-devkitc-1,legacy_Companion_or_transport_alias,source,False,False,False,False,False,False,False,False,False,True,False,True,SenseCapIndicator-LoRa_comp_radio_usb,SenseCapIndicator-LoRa_companion_radio_full,SenseCapIndicator-LoRa_comp_radio_usb_wifi,canonical replacement -> named Full Companion,auto|SenseCapIndicator-LoRa_comp_radio_usb,not measured by this static routing audit
tracked_primary,raw_platformio_environment,SenseCapIndicator-LoRa_comp_radio_usb_wifi,esp32-s3-devkitc-1,legacy_Companion_or_transport_alias,source,False,False,False,False,False,False,False,False,False,True,False,True,SenseCapIndicator-LoRa_comp_radio_usb_wifi,SenseCapIndicator-LoRa_companion_radio_full,SenseCapIndicator-LoRa_comp_radio_usb_wifi,canonical replacement -> named Full Companion,auto|SenseCapIndicator-LoRa_comp_radio_usb_wifi,not measured by this static routing audit
tracked_primary,raw_platformio_environment,SenseCapIndicator-LoRa-N16R2_comp_radio_usb_wifi,esp32-s3-devkitc-1,legacy_Companion_or_transport_alias,source,False,False,False,False,False,False,False,False,False,True,False,True,SenseCapIndicator-LoRa-N16R2_comp_radio_usb_wifi,SenseCapIndicator-LoRa-N16R2_companion_radio_full,SenseCapIndicator-LoRa-N16R2_comp_radio_usb_wifi,canonical replacement -> named Full Companion,auto|SenseCapIndicator-LoRa-N16R2_comp_radio_usb_wifi,not measured by this static routing audit
tracked_primary,raw_platformio_environment,Station_G2_repeater,station-g2,node_firmware,legacy,True,True,False,True,False,True,False,False,False,False,False,False,Station_G2_repeater,Station_G2_repeater_observer_mqtt,Station_G2_repeater_observer_mqtt,exact ordinary Full group choice,full|Station_G2_repeater_observer_mqtt,not measured by this static routing audit
tracked_primary,raw_platformio_environment,Station_G2_repeater_bridge_espnow,station-g2,node_firmware,Full,False,False,False,True,False,False,True,False,False,False,False,True,Station_G2_repeater_bridge_espnow,Station_G2_repeater_observer_mqtt,Station_G2_repeater_observer_mqtt,exact ordinary Full group choice,full|Station_G2_repeater_observer_mqtt,not measured by this static routing audit
tracked_primary,raw_platformio_environment,Station_G2_logging_repeater,station-g2,node_firmware,legacy,False,False,False,True,False,True,False,True,False,False,False,True,Station_G2_logging_repeater,Station_G2_repeater_observer_mqtt,Station_G2_repeater_observer_mqtt,logging alias -> exact ordinary Full group choice,full|Station_G2_logging_repeater,not measured by this static routing audit
tracked_primary,raw_platformio_environment,Station_G2_logging_repeater_bridge_espnow,station-g2,node_firmware,Full,False,False,False,True,False,False,True,True,False,False,False,True,Station_G2_logging_repeater_bridge_espnow,Station_G2_repeater_observer_mqtt,Station_G2_repeater_observer_mqtt,canonical replacement -> logging alias -> exact ordinary Full group choice,full|Station_G2_logging_repeater_bridge_espnow,not measured by this static routing audit
tracked_primary,raw_platformio_environment,Station_G2_room_server_observer_mqtt,station-g2,node_firmware,Full,True,True,False,True,True,False,True,False,False,False,False,False,Station_G2_room_server_observer_mqtt,Station_G2_room_server_observer_mqtt,Station_G2_room_server_observer_mqtt,exact ordinary Full group choice,full|Station_G2_room_server_observer_mqtt,not measured by this static routing audit
tracked_primary,raw_platformio_environment,Station_G2_room_server,station-g2,node_firmware,legacy,True,True,False,True,False,True,False,False,False,False,False,False,Station_G2_room_server,Station_G2_room_server_observer_mqtt,Station_G2_room_server_observer_mqtt,exact ordinary Full group choice,full|Station_G2_room_server_observer_mqtt,not measured by this static routing audit
tracked_primary,raw_platformio_environment,Station_G2_companion_radio_usb,station-g2,legacy_Companion_or_transport_alias,source,False,False,False,False,False,False,False,False,False,True,False,True,Station_G2_companion_radio_usb,Station_G2_companion_radio_full,Station_G2_companion_radio_full,canonical replacement -> named Full Companion,auto|Station_G2_companion_radio_usb,not measured by this static routing audit
tracked_primary,raw_platformio_environment,Station_G2_companion_radio_ble,station-g2,legacy_Companion_or_transport_alias,source,False,False,False,False,False,False,False,False,False,True,False,True,Station_G2_companion_radio_ble,Station_G2_companion_radio_full,Station_G2_companion_radio_full,canonical replacement -> named Full Companion,auto|Station_G2_companion_radio_ble,not measured by this static routing audit
tracked_primary,raw_platformio_environment,Station_G2_companion_radio_wifi,station-g2,legacy_Companion_or_transport_alias,source,False,False,False,False,False,False,False,False,False,True,False,True,Station_G2_companion_radio_wifi,Station_G2_companion_radio_full,Station_G2_companion_radio_full,canonical replacement -> named Full Companion,auto|Station_G2_companion_radio_wifi,not measured by this static routing audit
tracked_primary,raw_platformio_environment,Station_G2_companion_radio_full,station-g2,named_Full_Companion,Full,True,True,True,False,False,False,False,False,False,True,False,False,Station_G2_companion_radio_full,Station_G2_companion_radio_full,Station_G2_companion_radio_full,named Full Companion,full|Station_G2_companion_radio_full,not measured by this static routing audit
tracked_primary,raw_platformio_environment,Station_G2_kiss_modem,station-g2,host_modem_KISS,KISS,True,False,False,False,False,False,False,False,False,False,True,False,Station_G2_kiss_modem,,,,auto|Station_G2_kiss_modem,not measured by this static routing audit
tracked_primary,raw_platformio_environment,Station_G2_repeater_observer_mqtt,station-g2,node_firmware,Full,True,True,False,True,True,False,True,False,False,False,False,False,Station_G2_repeater_observer_mqtt,Station_G2_repeater_observer_mqtt,Station_G2_repeater_observer_mqtt,exact ordinary Full group choice,full|Station_G2_repeater_observer_mqtt,not measured by this static routing audit
tracked_primary,raw_platformio_environment,Station_G3_ESP32_repeater,station-g3-esp32,node_firmware,Full,True,True,False,True,True,False,False,False,False,False,False,False,Station_G3_ESP32_repeater,Station_G3_ESP32_repeater,Station_G3_ESP32_repeater_observer_mqtt,exact ordinary Full group choice,full|Station_G3_ESP32_repeater_observer_mqtt,not measured by this static routing audit
tracked_primary,raw_platformio_environment,Station_G3_ESP32_logging_repeater,station-g3-esp32,node_firmware,Full,False,False,False,True,True,False,False,True,False,False,False,True,Station_G3_ESP32_logging_repeater,Station_G3_ESP32_repeater,Station_G3_ESP32_repeater_observer_mqtt,logging alias -> exact ordinary Full group choice,full|Station_G3_ESP32_logging_repeater,not measured by this static routing audit
tracked_primary,raw_platformio_environment,Station_G3_ESP32_room_server,station-g3-esp32,node_firmware,Full,True,True,False,True,True,False,False,False,False,False,False,False,Station_G3_ESP32_room_server,Station_G3_ESP32_room_server,Station_G3_ESP32_room_server_observer_mqtt,exact ordinary Full group choice,full|Station_G3_ESP32_room_server_observer_mqtt,not measured by this static routing audit
tracked_primary,raw_platformio_environment,Station_G3_ESP32_companion_radio_usb,station-g3-esp32,legacy_Companion_or_transport_alias,source,False,False,False,False,False,False,False,False,False,True,False,True,Station_G3_ESP32_companion_radio_usb,Station_G3_ESP32_companion_radio_full,Station_G3_ESP32_companion_radio_full,canonical replacement -> named Full Companion,auto|Station_G3_ESP32_companion_radio_usb,not measured by this static routing audit
tracked_primary,raw_platformio_environment,Station_G3_ESP32_companion_radio_ble,station-g3-esp32,legacy_Companion_or_transport_alias,source,False,False,False,False,False,False,False,False,False,True,False,True,Station_G3_ESP32_companion_radio_ble,Station_G3_ESP32_companion_radio_full,Station_G3_ESP32_companion_radio_full,canonical replacement -> named Full Companion,auto|Station_G3_ESP32_companion_radio_ble,not measured by this static routing audit
tracked_primary,raw_platformio_environment,Station_G3_ESP32_companion_radio_wifi,station-g3-esp32,legacy_Companion_or_transport_alias,source,False,False,False,False,False,False,False,False,False,True,False,True,Station_G3_ESP32_companion_radio_wifi,Station_G3_ESP32_companion_radio_full,Station_G3_ESP32_companion_radio_full,canonical replacement -> named Full Companion,auto|Station_G3_ESP32_companion_radio_wifi,not measured by this static routing audit
tracked_primary,raw_platformio_environment,Station_G3_ESP32_companion_radio_full,station-g3-esp32,named_Full_Companion,Full,True,True,True,False,False,False,False,False,False,True,False,False,Station_G3_ESP32_companion_radio_full,Station_G3_ESP32_companion_radio_full,Station_G3_ESP32_companion_radio_full,named Full Companion,full|Station_G3_ESP32_companion_radio_full,not measured by this static routing audit
tracked_primary,raw_platformio_environment,Station_G3_ESP32_kiss_modem,station-g3-esp32,host_modem_KISS,KISS,True,False,False,False,False,False,False,False,False,False,True,False,Station_G3_ESP32_kiss_modem,,,,auto|Station_G3_ESP32_kiss_modem,not measured by this static routing audit
tracked_primary,raw_platformio_environment,Station_G3_ESP32_repeater_observer_mqtt,station-g3-esp32,node_firmware,Full,True,True,False,True,True,False,True,False,False,False,False,False,Station_G3_ESP32_repeater_observer_mqtt,Station_G3_ESP32_repeater,Station_G3_ESP32_repeater_observer_mqtt,exact ordinary Full group choice,full|Station_G3_ESP32_repeater_observer_mqtt,not measured by this static routing audit
tracked_primary,raw_platformio_environment,Station_G3_ESP32_room_server_observer_mqtt,station-g3-esp32,node_firmware,Full,True,True,False,True,True,False,True,False,False,False,False,False,Station_G3_ESP32_room_server_observer_mqtt,Station_G3_ESP32_room_server,Station_G3_ESP32_room_server_observer_mqtt,exact ordinary Full group choice,full|Station_G3_ESP32_room_server_observer_mqtt,not measured by this static routing audit
tracked_primary,raw_platformio_environment,Station_G3_ESP32_r2_repeater,station-g3-esp32,node_firmware,legacy,True,True,False,True,False,False,False,False,False,False,False,False,Station_G3_ESP32_r2_repeater,Station_G3_ESP32_r2_repeater_observer_mqtt,Station_G3_ESP32_r2_repeater_observer_mqtt,exact ordinary Full group choice,full|Station_G3_ESP32_r2_repeater_observer_mqtt,not measured by this static routing audit
tracked_primary,raw_platformio_environment,Station_G3_ESP32_r2_room_server,station-g3-esp32,node_firmware,legacy,True,True,False,True,False,False,False,False,False,False,False,False,Station_G3_ESP32_r2_room_server,Station_G3_ESP32_r2_room_server_observer_mqtt,Station_G3_ESP32_r2_room_server_observer_mqtt,exact ordinary Full group choice,full|Station_G3_ESP32_r2_room_server_observer_mqtt,not measured by this static routing audit
tracked_primary,raw_platformio_environment,Station_G3_ESP32_r2_repeater_observer_mqtt,station-g3-esp32,node_firmware,Full,True,True,False,True,False,False,True,False,False,False,False,False,Station_G3_ESP32_r2_repeater_observer_mqtt,Station_G3_ESP32_r2_repeater_observer_mqtt,Station_G3_ESP32_r2_repeater_observer_mqtt,exact ordinary Full group choice,full|Station_G3_ESP32_r2_repeater_observer_mqtt,not measured by this static routing audit
tracked_primary,raw_platformio_environment,Station_G3_ESP32_r2_room_server_observer_mqtt,station-g3-esp32,node_firmware,Full,True,True,False,True,False,False,True,False,False,False,False,False,Station_G3_ESP32_r2_room_server_observer_mqtt,Station_G3_ESP32_r2_room_server_observer_mqtt,Station_G3_ESP32_r2_room_server_observer_mqtt,exact ordinary Full group choice,full|Station_G3_ESP32_r2_room_server_observer_mqtt,not measured by this static routing audit
tracked_primary,raw_platformio_environment,Tenstar_C3_sx1262_repeater,esp32-c3-devkitm-1,node_firmware,legacy,True,True,False,True,False,True,False,False,False,False,False,False,Tenstar_C3_sx1262_repeater,Tenstar_C3_sx1262_repeater,Tenstar_C3_sx1262_repeater,exact ordinary Full group choice,full|Tenstar_C3_sx1262_repeater,not measured by this static routing audit
tracked_primary,raw_platformio_environment,Tenstar_C3_sx1262_repeater_bridge_espnow,esp32-c3-devkitm-1,node_firmware,Full,False,False,False,True,False,False,True,False,False,False,False,True,Tenstar_C3_sx1262_repeater_bridge_espnow,Tenstar_C3_sx1262_repeater,Tenstar_C3_sx1262_repeater,exact ordinary Full group choice,full|Tenstar_C3_sx1262_repeater_bridge_espnow,not measured by this static routing audit
tracked_primary,raw_platformio_environment,Tenstar_C3_sx1268_repeater,esp32-c3-devkitm-1,node_firmware,legacy,True,True,False,True,False,True,False,False,False,False,False,False,Tenstar_C3_sx1268_repeater,Tenstar_C3_sx1268_repeater,Tenstar_C3_sx1268_repeater,exact ordinary Full group choice,full|Tenstar_C3_sx1268_repeater,not measured by this static routing audit
tracked_primary,raw_platformio_environment,Tenstar_C3_sx1268_repeater_bridge_espnow,esp32-c3-devkitm-1,node_firmware,Full,False,False,False,True,False,False,True,False,False,False,False,True,Tenstar_C3_sx1268_repeater_bridge_espnow,Tenstar_C3_sx1268_repeater,Tenstar_C3_sx1268_repeater,exact ordinary Full group choice,full|Tenstar_C3_sx1268_repeater_bridge_espnow,not measured by this static routing audit
tracked_primary,raw_platformio_environment,Tenstar_C3_sx1262_kiss_modem,esp32-c3-devkitm-1,host_modem_KISS,KISS,True,False,False,False,False,False,False,False,False,False,True,False,Tenstar_C3_sx1262_kiss_modem,,,,auto|Tenstar_C3_sx1262_kiss_modem,not measured by this static routing audit
tracked_primary,raw_platformio_environment,Tenstar_C3_sx1268_kiss_modem,esp32-c3-devkitm-1,host_modem_KISS,KISS,True,False,False,False,False,False,False,False,False,False,True,False,Tenstar_C3_sx1268_kiss_modem,,,,auto|Tenstar_C3_sx1268_kiss_modem,not measured by this static routing audit
tracked_primary,raw_platformio_environment,ThinkNode_M2_Repeater,ESP32-S3-WROOM-1-N4,node_firmware,legacy,True,True,False,True,False,True,False,False,False,False,False,False,ThinkNode_M2_Repeater,ThinkNode_M2_Repeater,ThinkNode_M2_Repeater,exact ordinary Full group choice,full|ThinkNode_M2_Repeater,not measured by this static routing audit
tracked_primary,raw_platformio_environment,ThinkNode_M2_Repeater_bridge_espnow,ESP32-S3-WROOM-1-N4,node_firmware,Full,False,False,False,True,False,False,True,False,False,False,False,True,ThinkNode_M2_Repeater_bridge_espnow,ThinkNode_M2_Repeater,ThinkNode_M2_Repeater,exact ordinary Full group choice,full|ThinkNode_M2_Repeater_bridge_espnow,not measured by this static routing audit
tracked_primary,raw_platformio_environment,ThinkNode_M2_room_server,ESP32-S3-WROOM-1-N4,node_firmware,legacy,True,True,False,True,False,True,False,False,False,False,False,False,ThinkNode_M2_room_server,ThinkNode_M2_room_server,ThinkNode_M2_room_server,exact ordinary Full group choice,full|ThinkNode_M2_room_server,not measured by this static routing audit
tracked_primary,raw_platformio_environment,ThinkNode_M2_terminal_chat,ESP32-S3-WROOM-1-N4,node_firmware,legacy,False,False,False,False,False,False,False,False,False,False,False,True,ThinkNode_M2_terminal_chat,ThinkNode_M2_companion_radio_full,ThinkNode_M2_companion_radio_full,canonical replacement -> named Full Companion,auto|ThinkNode_M2_terminal_chat,not measured by this static routing audit
tracked_primary,raw_platformio_environment,ThinkNode_M2_companion_radio_ble,ESP32-S3-WROOM-1-N4,legacy_Companion_or_transport_alias,source,False,False,False,False,False,False,False,False,False,True,False,True,ThinkNode_M2_companion_radio_ble,ThinkNode_M2_companion_radio_full,ThinkNode_M2_companion_radio_full,canonical replacement -> named Full Companion,auto|ThinkNode_M2_companion_radio_ble,not measured by this static routing audit
tracked_primary,raw_platformio_environment,ThinkNode_M2_companion_radio_usb,ESP32-S3-WROOM-1-N4,legacy_Companion_or_transport_alias,source,False,False,False,False,False,False,False,False,False,True,False,True,ThinkNode_M2_companion_radio_usb,ThinkNode_M2_companion_radio_full,ThinkNode_M2_companion_radio_full,canonical replacement -> named Full Companion,auto|ThinkNode_M2_companion_radio_usb,not measured by this static routing audit
tracked_primary,raw_platformio_environment,ThinkNode_M2_companion_radio_wifi,ESP32-S3-WROOM-1-N4,legacy_Companion_or_transport_alias,source,False,False,False,False,False,False,False,False,False,True,False,True,ThinkNode_M2_companion_radio_wifi,ThinkNode_M2_companion_radio_full,ThinkNode_M2_companion_radio_full,canonical replacement -> named Full Companion,auto|ThinkNode_M2_companion_radio_wifi,not measured by this static routing audit
tracked_primary,raw_platformio_environment,ThinkNode_M2_companion_radio_serial,ESP32-S3-WROOM-1-N4,legacy_Companion_or_transport_alias,source,False,False,False,False,False,False,False,False,False,True,False,True,ThinkNode_M2_companion_radio_serial,ThinkNode_M2_companion_radio_full,ThinkNode_M2_companion_radio_full,canonical replacement -> named Full Companion,auto|ThinkNode_M2_companion_radio_serial,not measured by this static routing audit
tracked_primary,raw_platformio_environment,ThinkNode_M2_companion_radio_full,ESP32-S3-WROOM-1-N4,named_Full_Companion,Full,True,True,True,False,False,False,False,False,False,True,False,False,ThinkNode_M2_companion_radio_full,ThinkNode_M2_companion_radio_full,ThinkNode_M2_companion_radio_full,named Full Companion,full|ThinkNode_M2_companion_radio_full,not measured by this static routing audit
tracked_primary,raw_platformio_environment,ThinkNode_M2_kiss_modem,ESP32-S3-WROOM-1-N4,host_modem_KISS,KISS,True,False,False,False,False,False,False,False,False,False,True,False,ThinkNode_M2_kiss_modem,,,,auto|ThinkNode_M2_kiss_modem,not measured by this static routing audit
tracked_primary,raw_platformio_environment,ThinkNode_M5_Repeater,ESP32-S3-WROOM-1-N4,node_firmware,legacy,True,True,False,True,False,True,False,False,False,False,False,False,ThinkNode_M5_Repeater,ThinkNode_M5_Repeater,ThinkNode_M5_Repeater,exact ordinary Full group choice,full|ThinkNode_M5_Repeater,not measured by this static routing audit
tracked_primary,raw_platformio_environment,ThinkNode_M5_Repeater_bridge_espnow,ESP32-S3-WROOM-1-N4,node_firmware,Full,False,False,False,True,False,False,True,False,False,False,False,True,ThinkNode_M5_Repeater_bridge_espnow,ThinkNode_M5_Repeater,ThinkNode_M5_Repeater,exact ordinary Full group choice,full|ThinkNode_M5_Repeater_bridge_espnow,not measured by this static routing audit
tracked_primary,raw_platformio_environment,ThinkNode_M5_room_server,ESP32-S3-WROOM-1-N4,node_firmware,legacy,True,True,False,True,False,True,False,False,False,False,False,False,ThinkNode_M5_room_server,ThinkNode_M5_room_server,ThinkNode_M5_room_server,exact ordinary Full group choice,full|ThinkNode_M5_room_server,not measured by this static routing audit
tracked_primary,raw_platformio_environment,ThinkNode_M5_terminal_chat,ESP32-S3-WROOM-1-N4,node_firmware,legacy,False,False,False,False,False,False,False,False,False,False,False,True,ThinkNode_M5_terminal_chat,ThinkNode_M5_companion_radio_full,ThinkNode_M5_companion_radio_full,canonical replacement -> named Full Companion,auto|ThinkNode_M5_terminal_chat,not measured by this static routing audit
tracked_primary,raw_platformio_environment,ThinkNode_M5_companion_radio_ble,ESP32-S3-WROOM-1-N4,legacy_Companion_or_transport_alias,source,False,False,False,False,False,False,False,False,False,True,False,True,ThinkNode_M5_companion_radio_ble,ThinkNode_M5_companion_radio_full,ThinkNode_M5_companion_radio_full,canonical replacement -> named Full Companion,auto|ThinkNode_M5_companion_radio_ble,not measured by this static routing audit
tracked_primary,raw_platformio_environment,ThinkNode_M5_companion_radio_ble_ps,ESP32-S3-WROOM-1-N4,legacy_Companion_or_transport_alias,source,False,False,False,False,False,False,False,True,False,True,False,True,ThinkNode_M5_companion_radio_ble_ps,ThinkNode_M5_companion_radio_full,ThinkNode_M5_companion_radio_full,saved powersave alias -> canonical replacement -> named Full Companion,auto|ThinkNode_M5_companion_radio_ble_ps,not measured by this static routing audit
tracked_primary,raw_platformio_environment,ThinkNode_M5_companion_radio_usb,ESP32-S3-WROOM-1-N4,legacy_Companion_or_transport_alias,source,False,False,False,False,False,False,False,False,False,True,False,True,ThinkNode_M5_companion_radio_usb,ThinkNode_M5_companion_radio_full,ThinkNode_M5_companion_radio_full,canonical replacement -> named Full Companion,auto|ThinkNode_M5_companion_radio_usb,not measured by this static routing audit
tracked_primary,raw_platformio_environment,ThinkNode_M5_companion_radio_wifi,ESP32-S3-WROOM-1-N4,legacy_Companion_or_transport_alias,source,False,False,False,False,False,False,False,False,False,True,False,True,ThinkNode_M5_companion_radio_wifi,ThinkNode_M5_companion_radio_full,ThinkNode_M5_companion_radio_full,canonical replacement -> named Full Companion,auto|ThinkNode_M5_companion_radio_wifi,not measured by this static routing audit
tracked_primary,raw_platformio_environment,ThinkNode_M5_companion_radio_serial,ESP32-S3-WROOM-1-N4,legacy_Companion_or_transport_alias,source,False,False,False,False,False,False,False,False,False,True,False,True,ThinkNode_M5_companion_radio_serial,ThinkNode_M5_companion_radio_full,ThinkNode_M5_companion_radio_full,canonical replacement -> named Full Companion,auto|ThinkNode_M5_companion_radio_serial,not measured by this static routing audit
tracked_primary,raw_platformio_environment,ThinkNode_M5_companion_radio_full,ESP32-S3-WROOM-1-N4,named_Full_Companion,Full,True,True,True,False,False,False,False,False,False,True,False,False,ThinkNode_M5_companion_radio_full,ThinkNode_M5_companion_radio_full,ThinkNode_M5_companion_radio_full,named Full Companion,full|ThinkNode_M5_companion_radio_full,not measured by this static routing audit
tracked_primary,raw_platformio_environment,ThinkNode_M5_kiss_modem,ESP32-S3-WROOM-1-N4,host_modem_KISS,KISS,True,False,False,False,False,False,False,False,False,False,True,False,ThinkNode_M5_kiss_modem,,,,auto|ThinkNode_M5_kiss_modem,not measured by this static routing audit
tracked_primary,raw_platformio_environment,ThinkNode_M7_repeater,thinknode_m7,node_firmware,Full,True,True,False,True,True,False,False,False,False,False,False,False,ThinkNode_M7_repeater,ThinkNode_M7_repeater,ThinkNode_M7_repeater_observer_mqtt,exact ordinary Full group choice,full|ThinkNode_M7_repeater_observer_mqtt,not measured by this static routing audit
tracked_primary,raw_platformio_environment,ThinkNode_M7_room_server,thinknode_m7,node_firmware,Full,True,True,False,True,True,False,False,False,False,False,False,False,ThinkNode_M7_room_server,ThinkNode_M7_room_server,ThinkNode_M7_room_server_observer_mqtt,exact ordinary Full group choice,full|ThinkNode_M7_room_server_observer_mqtt,not measured by this static routing audit
tracked_primary,raw_platformio_environment,ThinkNode_M7_companion_radio_ble,thinknode_m7,legacy_Companion_or_transport_alias,source,False,False,False,False,False,False,False,False,False,True,False,True,ThinkNode_M7_companion_radio_ble,ThinkNode_M7_companion_radio_full,ThinkNode_M7_companion_radio_full,canonical replacement -> named Full Companion,auto|ThinkNode_M7_companion_radio_ble,not measured by this static routing audit
tracked_primary,raw_platformio_environment,ThinkNode_M7_companion_radio_usb,thinknode_m7,legacy_Companion_or_transport_alias,source,False,False,False,False,False,False,False,False,False,True,False,True,ThinkNode_M7_companion_radio_usb,ThinkNode_M7_companion_radio_full,ThinkNode_M7_companion_radio_full,canonical replacement -> named Full Companion,auto|ThinkNode_M7_companion_radio_usb,not measured by this static routing audit
tracked_primary,raw_platformio_environment,ThinkNode_M7_companion_radio_wifi,thinknode_m7,legacy_Companion_or_transport_alias,source,False,False,False,False,False,False,False,False,False,True,False,True,ThinkNode_M7_companion_radio_wifi,ThinkNode_M7_companion_radio_full,ThinkNode_M7_companion_radio_full,canonical replacement -> named Full Companion,auto|ThinkNode_M7_companion_radio_wifi,not measured by this static routing audit
tracked_primary,raw_platformio_environment,ThinkNode_M7_companion_radio_ethernet,thinknode_m7,legacy_Companion_or_transport_alias,source,False,False,False,False,False,False,False,False,False,True,False,True,ThinkNode_M7_companion_radio_ethernet,ThinkNode_M7_companion_radio_full,ThinkNode_M7_companion_radio_full,canonical replacement -> named Full Companion,auto|ThinkNode_M7_companion_radio_ethernet,not measured by this static routing audit
tracked_primary,raw_platformio_environment,ThinkNode_M7_companion_radio_full,thinknode_m7,named_Full_Companion,Full,True,True,True,False,False,False,False,False,False,True,False,False,ThinkNode_M7_companion_radio_full,ThinkNode_M7_companion_radio_full,ThinkNode_M7_companion_radio_full,named Full Companion,full|ThinkNode_M7_companion_radio_full,not measured by this static routing audit
tracked_primary,raw_platformio_environment,ThinkNode_M7_kiss_modem,thinknode_m7,host_modem_KISS,KISS,True,False,False,False,False,False,False,False,False,False,True,False,ThinkNode_M7_kiss_modem,,,,auto|ThinkNode_M7_kiss_modem,not measured by this static routing audit
tracked_primary,raw_platformio_environment,ThinkNode_M7_repeater_observer_mqtt,thinknode_m7,node_firmware,Full,True,True,False,True,True,False,True,False,False,False,False,False,ThinkNode_M7_repeater_observer_mqtt,ThinkNode_M7_repeater,ThinkNode_M7_repeater_observer_mqtt,exact ordinary Full group choice,full|ThinkNode_M7_repeater_observer_mqtt,not measured by this static routing audit
tracked_primary,raw_platformio_environment,ThinkNode_M7_room_server_observer_mqtt,thinknode_m7,node_firmware,Full,True,True,False,True,True,False,True,False,False,False,False,False,ThinkNode_M7_room_server_observer_mqtt,ThinkNode_M7_room_server,ThinkNode_M7_room_server_observer_mqtt,exact ordinary Full group choice,full|ThinkNode_M7_room_server_observer_mqtt,not measured by this static routing audit
tracked_primary,raw_platformio_environment,ThinkNode_M9_repeater_,thinknode_m9,node_firmware,Full,True,True,False,True,True,False,False,False,False,False,False,False,ThinkNode_M9_repeater_,ThinkNode_M9_repeater_,ThinkNode_M9_repeater_,exact ordinary Full group choice,full|ThinkNode_M9_repeater_,not measured by this static routing audit
tracked_primary,raw_platformio_environment,ThinkNode_M9_room_server_,thinknode_m9,node_firmware,Full,True,True,False,True,True,False,False,False,False,False,False,False,ThinkNode_M9_room_server_,ThinkNode_M9_room_server_,ThinkNode_M9_room_server_,exact ordinary Full group choice,full|ThinkNode_M9_room_server_,not measured by this static routing audit
tracked_primary,raw_platformio_environment,ThinkNode_M9_companion_radio_ble_,thinknode_m9,legacy_Companion_or_transport_alias,source,False,False,False,False,False,False,False,False,False,True,False,True,ThinkNode_M9_companion_radio_ble_,ThinkNode_M9_companion_radio_full_,ThinkNode_M9_companion_radio_wifi_,canonical replacement -> named Full Companion,auto|ThinkNode_M9_companion_radio_ble_,not measured by this static routing audit
tracked_primary,raw_platformio_environment,ThinkNode_M9_companion_radio_usb_,thinknode_m9,legacy_Companion_or_transport_alias,source,False,False,False,False,False,False,False,False,False,True,False,True,ThinkNode_M9_companion_radio_usb_,ThinkNode_M9_companion_radio_full_,ThinkNode_M9_companion_radio_wifi_,canonical replacement -> named Full Companion,auto|ThinkNode_M9_companion_radio_usb_,not measured by this static routing audit
tracked_primary,raw_platformio_environment,ThinkNode_M9_companion_radio_wifi_,thinknode_m9,legacy_Companion_or_transport_alias,source,False,False,False,False,False,False,False,False,False,True,False,True,ThinkNode_M9_companion_radio_wifi_,ThinkNode_M9_companion_radio_full_,ThinkNode_M9_companion_radio_wifi_,canonical replacement -> named Full Companion,auto|ThinkNode_M9_companion_radio_wifi_,not measured by this static routing audit
tracked_primary,raw_platformio_environment,ThinkNode_M9_kiss_modem,thinknode_m9,host_modem_KISS,KISS,True,False,False,False,False,False,False,False,False,False,True,False,ThinkNode_M9_kiss_modem,,,,auto|ThinkNode_M9_kiss_modem,not measured by this static routing audit
tracked_primary,raw_platformio_environment,Xiao_C3_repeater,seeed_xiao_esp32c3,node_firmware,legacy,True,True,False,True,False,True,False,False,False,False,False,False,Xiao_C3_repeater,Xiao_C3_repeater,Xiao_C3_repeater,exact ordinary Full group choice,full|Xiao_C3_repeater,not measured by this static routing audit
tracked_primary,raw_platformio_environment,Xiao_C3_room_server,seeed_xiao_esp32c3,node_firmware,legacy,True,True,False,True,False,True,False,False,False,False,False,False,Xiao_C3_room_server,Xiao_C3_room_server,Xiao_C3_room_server,exact ordinary Full group choice,full|Xiao_C3_room_server,not measured by this static routing audit
tracked_primary,raw_platformio_environment,Xiao_C3_companion_radio_ble,seeed_xiao_esp32c3,legacy_Companion_or_transport_alias,source,False,False,False,False,False,False,False,False,False,True,False,True,Xiao_C3_companion_radio_ble,Xiao_C3_companion_radio_full,Xiao_C3_companion_radio_wifi,canonical replacement -> named Full Companion,auto|Xiao_C3_companion_radio_ble,not measured by this static routing audit
tracked_primary,raw_platformio_environment,Xiao_C3_companion_radio_ble_ps,seeed_xiao_esp32c3,legacy_Companion_or_transport_alias,source,False,False,False,False,False,False,False,True,False,True,False,True,Xiao_C3_companion_radio_ble_ps,Xiao_C3_companion_radio_full,Xiao_C3_companion_radio_wifi,saved powersave alias -> canonical replacement -> named Full Companion,auto|Xiao_C3_companion_radio_ble_ps,not measured by this static routing audit
tracked_primary,raw_platformio_environment,Xiao_C3_companion_radio_usb,seeed_xiao_esp32c3,legacy_Companion_or_transport_alias,source,False,False,False,False,False,False,False,False,False,True,False,True,Xiao_C3_companion_radio_usb,Xiao_C3_companion_radio_full,Xiao_C3_companion_radio_wifi,canonical replacement -> named Full Companion,auto|Xiao_C3_companion_radio_usb,not measured by this static routing audit
tracked_primary,raw_platformio_environment,Xiao_C3_companion_radio_wifi,seeed_xiao_esp32c3,legacy_Companion_or_transport_alias,source,False,False,False,False,False,False,False,False,False,True,False,True,Xiao_C3_companion_radio_wifi,Xiao_C3_companion_radio_full,Xiao_C3_companion_radio_wifi,canonical replacement -> named Full Companion,auto|Xiao_C3_companion_radio_wifi,not measured by this static routing audit
tracked_primary,raw_platformio_environment,Xiao_C3_kiss_modem,seeed_xiao_esp32c3,host_modem_KISS,KISS,True,False,False,False,False,False,False,False,False,False,True,False,Xiao_C3_kiss_modem,,,,auto|Xiao_C3_kiss_modem,not measured by this static routing audit
tracked_primary,raw_platformio_environment,Xiao_C6_repeater_,esp32-c6-devkitm-1,node_firmware,legacy,True,True,False,True,False,False,False,False,False,False,False,False,Xiao_C6_repeater_,Xiao_C6_repeater_,Xiao_C6_repeater_,exact ordinary Full group choice,full|Xiao_C6_repeater_,not measured by this static routing audit
tracked_primary,raw_platformio_environment,Xiao_C6_companion_radio_ble_,esp32-c6-devkitm-1,legacy_Companion_or_transport_alias,source,False,False,False,False,False,False,False,False,False,True,False,True,Xiao_C6_companion_radio_ble_,Xiao_C6_companion_radio_full_,Xiao_C6_companion_radio_ble_,canonical replacement -> named Full Companion,auto|Xiao_C6_companion_radio_ble_,not measured by this static routing audit
tracked_primary,raw_platformio_environment,Meshimi_repeater_,esp32-c6-devkitm-1,node_firmware,legacy,True,True,False,True,False,False,False,False,False,False,False,False,Meshimi_repeater_,Meshimi_repeater_,Meshimi_repeater_,exact ordinary Full group choice,full|Meshimi_repeater_,not measured by this static routing audit
tracked_primary,raw_platformio_environment,Meshimi_companion_radio_ble_,esp32-c6-devkitm-1,legacy_Companion_or_transport_alias,source,False,False,False,False,False,False,False,False,False,True,False,True,Meshimi_companion_radio_ble_,Meshimi_companion_radio_full_,Meshimi_companion_radio_ble_,canonical replacement -> named Full Companion,auto|Meshimi_companion_radio_ble_,not measured by this static routing audit
tracked_primary,raw_platformio_environment,WHY2025_badge_repeater_,esp32-c6-devkitm-1,node_firmware,legacy,True,True,False,True,False,False,False,False,False,False,False,False,WHY2025_badge_repeater_,WHY2025_badge_repeater_,WHY2025_badge_repeater_,exact ordinary Full group choice,full|WHY2025_badge_repeater_,not measured by this static routing audit
tracked_primary,raw_platformio_environment,WHY2025_badge_companion_radio_ble_,esp32-c6-devkitm-1,legacy_Companion_or_transport_alias,source,False,False,False,False,False,False,False,False,False,True,False,True,WHY2025_badge_companion_radio_ble_,WHY2025_badge_companion_radio_full_,WHY2025_badge_companion_radio_ble_,canonical replacement -> named Full Companion,auto|WHY2025_badge_companion_radio_ble_,not measured by this static routing audit
tracked_primary,raw_platformio_environment,Xiao_C6_kiss_modem,esp32-c6-devkitm-1,host_modem_KISS,KISS,True,False,False,False,False,False,False,False,False,False,True,False,Xiao_C6_kiss_modem,,,,auto|Xiao_C6_kiss_modem,not measured by this static routing audit
tracked_primary,raw_platformio_environment,Xiao_S3_repeater,seeed_xiao_esp32s3,node_firmware,Full,True,True,False,True,True,False,False,False,False,False,False,False,Xiao_S3_repeater,Xiao_S3_repeater,Xiao_S3_repeater_observer_mqtt,exact ordinary Full group choice,full|Xiao_S3_repeater_observer_mqtt,not measured by this static routing audit
tracked_primary,raw_platformio_environment,Xiao_S3_repeater_bridge_espnow,seeed_xiao_esp32s3,node_firmware,Full,False,False,False,True,True,False,True,False,False,False,False,True,Xiao_S3_repeater_bridge_espnow,Xiao_S3_repeater,Xiao_S3_repeater_observer_mqtt,exact ordinary Full group choice,full|Xiao_S3_repeater_observer_mqtt,not measured by this static routing audit
tracked_primary,raw_platformio_environment,Xiao_S3_room_server,seeed_xiao_esp32s3,node_firmware,Full,True,True,False,True,True,False,False,False,False,False,False,False,Xiao_S3_room_server,Xiao_S3_room_server,Xiao_S3_room_server_observer_mqtt,exact ordinary Full group choice,full|Xiao_S3_room_server_observer_mqtt,not measured by this static routing audit
tracked_primary,raw_platformio_environment,Xiao_S3_companion_radio_ble,seeed_xiao_esp32s3,legacy_Companion_or_transport_alias,source,False,False,False,False,False,False,False,False,False,True,False,True,Xiao_S3_companion_radio_ble,Xiao_S3_companion_radio_full,Xiao_S3_companion_radio_ble,canonical replacement -> named Full Companion,auto|Xiao_S3_companion_radio_ble,not measured by this static routing audit
tracked_primary,raw_platformio_environment,Xiao_S3_companion_radio_ble_ps,seeed_xiao_esp32s3,legacy_Companion_or_transport_alias,source,False,False,False,False,False,False,False,True,False,True,False,True,Xiao_S3_companion_radio_ble_ps,Xiao_S3_companion_radio_full,Xiao_S3_companion_radio_ble,saved powersave alias -> canonical replacement -> named Full Companion,auto|Xiao_S3_companion_radio_ble_ps,not measured by this static routing audit
tracked_primary,raw_platformio_environment,Xiao_S3_companion_radio_usb,seeed_xiao_esp32s3,legacy_Companion_or_transport_alias,source,False,False,False,False,False,False,False,False,False,True,False,True,Xiao_S3_companion_radio_usb,Xiao_S3_companion_radio_full,Xiao_S3_companion_radio_ble,canonical replacement -> named Full Companion,auto|Xiao_S3_companion_radio_usb,not measured by this static routing audit
tracked_primary,raw_platformio_environment,Xiao_S3_sensor,seeed_xiao_esp32s3,node_firmware,Full,True,True,False,True,True,False,False,False,False,False,False,False,Xiao_S3_sensor,Xiao_S3_sensor,Xiao_S3_sensor,exact ordinary Full group choice,full|Xiao_S3_sensor,not measured by this static routing audit
tracked_primary,raw_platformio_environment,Xiao_S3_kiss_modem,seeed_xiao_esp32s3,host_modem_KISS,KISS,True,False,False,False,False,False,False,False,False,False,True,False,Xiao_S3_kiss_modem,,,,auto|Xiao_S3_kiss_modem,not measured by this static routing audit
tracked_primary,raw_platformio_environment,Xiao_S3_repeater_observer_mqtt,seeed_xiao_esp32s3,node_firmware,Full,True,True,False,True,True,False,True,False,False,False,False,False,Xiao_S3_repeater_observer_mqtt,Xiao_S3_repeater,Xiao_S3_repeater_observer_mqtt,exact ordinary Full group choice,full|Xiao_S3_repeater_observer_mqtt,not measured by this static routing audit
tracked_primary,raw_platformio_environment,Xiao_S3_room_server_observer_mqtt,seeed_xiao_esp32s3,node_firmware,Full,True,True,False,True,True,False,True,False,False,False,False,False,Xiao_S3_room_server_observer_mqtt,Xiao_S3_room_server,Xiao_S3_room_server_observer_mqtt,exact ordinary Full group choice,full|Xiao_S3_room_server_observer_mqtt,not measured by this static routing audit
tracked_primary,raw_platformio_environment,Xiao_S3_WIO_repeater,seeed_xiao_esp32s3,node_firmware,Full,True,True,False,True,True,False,False,False,False,False,False,False,Xiao_S3_WIO_repeater,Xiao_S3_WIO_repeater,Xiao_S3_WIO_repeater_observer_mqtt,exact ordinary Full group choice,full|Xiao_S3_WIO_repeater_observer_mqtt,not measured by this static routing audit
tracked_primary,raw_platformio_environment,Xiao_S3_WIO_partition_expander,seeed_xiao_esp32s3,development_or_migration_utility,source,False,False,False,False,False,False,False,False,False,False,False,True,Xiao_S3_WIO_partition_expander,,,,auto|Xiao_S3_WIO_partition_expander,not measured by this static routing audit
tracked_primary,raw_platformio_environment,xiao_s3_partition_migrator,seeed_xiao_esp32s3_migrator,development_or_migration_utility,source,False,False,False,False,False,False,False,False,False,False,False,True,xiao_s3_partition_migrator,,,,auto|xiao_s3_partition_migrator,not measured by this static routing audit
tracked_primary,raw_platformio_environment,xiao_s3_partition_migrator_lora_repeater,seeed_xiao_esp32s3_migrator,development_or_migration_utility,source,False,False,False,False,False,False,False,False,False,False,False,True,xiao_s3_partition_migrator_lora_repeater,,,,auto|xiao_s3_partition_migrator_lora_repeater_lora_ota_no_external_sensors,not measured by this static routing audit
tracked_primary,raw_platformio_environment,xiao_s3_partition_legacy_seed,seeed_xiao_esp32s3,development_or_migration_utility,source,False,False,False,False,False,False,False,False,False,False,False,True,xiao_s3_partition_legacy_seed,,,,auto|xiao_s3_partition_legacy_seed,not measured by this static routing audit
tracked_primary,raw_platformio_environment,xiao_s3_partition_migrator_test_hold,seeed_xiao_esp32s3_migrator,development_or_migration_utility,source,False,False,False,False,False,False,False,False,False,False,False,True,xiao_s3_partition_migrator_test_hold,,,,auto|xiao_s3_partition_migrator_test_hold,not measured by this static routing audit
tracked_primary,raw_platformio_environment,xiao_s3_partition_migrator_test_usb_diagnostic,seeed_xiao_esp32s3_migrator,development_or_migration_utility,source,False,False,False,False,False,False,False,False,False,False,False,True,xiao_s3_partition_migrator_test_usb_diagnostic,,,,auto|xiao_s3_partition_migrator_test_usb_diagnostic,not measured by this static routing audit
tracked_primary,raw_platformio_environment,Xiao_S3_WIO_repeater_bridge_espnow,seeed_xiao_esp32s3,node_firmware,Full,False,False,False,True,True,False,True,False,False,False,False,True,Xiao_S3_WIO_repeater_bridge_espnow,Xiao_S3_WIO_repeater,Xiao_S3_WIO_repeater_observer_mqtt,exact ordinary Full group choice,full|Xiao_S3_WIO_repeater_observer_mqtt,not measured by this static routing audit
tracked_primary,raw_platformio_environment,Xiao_S3_WIO_repeater_observer_mqtt,seeed_xiao_esp32s3,node_firmware,Full,True,True,False,True,True,False,True,False,False,False,False,False,Xiao_S3_WIO_repeater_observer_mqtt,Xiao_S3_WIO_repeater,Xiao_S3_WIO_repeater_observer_mqtt,exact ordinary Full group choice,full|Xiao_S3_WIO_repeater_observer_mqtt,not measured by this static routing audit
tracked_primary,raw_platformio_environment,Xiao_S3_WIO_room_server_observer_mqtt,seeed_xiao_esp32s3,node_firmware,Full,True,True,False,True,True,False,True,False,False,False,False,False,Xiao_S3_WIO_room_server_observer_mqtt,Xiao_S3_WIO_room_server,Xiao_S3_WIO_room_server_observer_mqtt,exact ordinary Full group choice,full|Xiao_S3_WIO_room_server_observer_mqtt,not measured by this static routing audit
tracked_primary,raw_platformio_environment,Xiao_S3_WIO_room_server,seeed_xiao_esp32s3,node_firmware,Full,True,True,False,True,True,False,False,False,False,False,False,False,Xiao_S3_WIO_room_server,Xiao_S3_WIO_room_server,Xiao_S3_WIO_room_server_observer_mqtt,exact ordinary Full group choice,full|Xiao_S3_WIO_room_server_observer_mqtt,not measured by this static routing audit
tracked_primary,raw_platformio_environment,Xiao_S3_WIO_terminal_chat,seeed_xiao_esp32s3,node_firmware,legacy,False,False,False,False,False,False,False,False,False,False,False,True,Xiao_S3_WIO_terminal_chat,Xiao_S3_WIO_companion_radio_full,Xiao_S3_WIO_companion_radio_full,canonical replacement -> named Full Companion,auto|Xiao_S3_WIO_terminal_chat,not measured by this static routing audit
tracked_primary,raw_platformio_environment,Xiao_S3_WIO_companion_radio_usb,seeed_xiao_esp32s3,legacy_Companion_or_transport_alias,source,False,False,False,False,False,False,False,False,False,True,False,True,Xiao_S3_WIO_companion_radio_usb,Xiao_S3_WIO_companion_radio_full,Xiao_S3_WIO_companion_radio_full,canonical replacement -> named Full Companion,auto|Xiao_S3_WIO_companion_radio_usb,not measured by this static routing audit
tracked_primary,raw_platformio_environment,Xiao_S3_WIO_companion_radio_ble,seeed_xiao_esp32s3,legacy_Companion_or_transport_alias,source,False,False,False,False,False,False,False,False,False,True,False,True,Xiao_S3_WIO_companion_radio_ble,Xiao_S3_WIO_companion_radio_full,Xiao_S3_WIO_companion_radio_full,canonical replacement -> named Full Companion,auto|Xiao_S3_WIO_companion_radio_ble,not measured by this static routing audit
tracked_primary,raw_platformio_environment,Xiao_S3_WIO_companion_radio_ble_ps,seeed_xiao_esp32s3,legacy_Companion_or_transport_alias,source,False,False,False,False,False,False,False,True,False,True,False,True,Xiao_S3_WIO_companion_radio_ble_ps,Xiao_S3_WIO_companion_radio_full,Xiao_S3_WIO_companion_radio_full,saved powersave alias -> canonical replacement -> named Full Companion,auto|Xiao_S3_WIO_companion_radio_ble_ps,not measured by this static routing audit
tracked_primary,raw_platformio_environment,Xiao_S3_WIO_companion_radio_serial,seeed_xiao_esp32s3,legacy_Companion_or_transport_alias,source,False,False,False,False,False,False,False,False,False,True,False,True,Xiao_S3_WIO_companion_radio_serial,Xiao_S3_WIO_companion_radio_full,Xiao_S3_WIO_companion_radio_full,canonical replacement -> named Full Companion,auto|Xiao_S3_WIO_companion_radio_serial,not measured by this static routing audit
tracked_primary,raw_platformio_environment,Xiao_S3_WIO_companion_radio_wifi,seeed_xiao_esp32s3,legacy_Companion_or_transport_alias,source,False,False,False,False,False,False,False,False,False,True,False,True,Xiao_S3_WIO_companion_radio_wifi,Xiao_S3_WIO_companion_radio_full,Xiao_S3_WIO_companion_radio_full,canonical replacement -> named Full Companion,auto|Xiao_S3_WIO_companion_radio_wifi,not measured by this static routing audit
tracked_primary,raw_platformio_environment,Xiao_S3_WIO_companion_radio_full,seeed_xiao_esp32s3,named_Full_Companion,Full,True,True,True,False,False,False,False,False,False,True,False,False,Xiao_S3_WIO_companion_radio_full,Xiao_S3_WIO_companion_radio_full,Xiao_S3_WIO_companion_radio_full,named Full Companion,full|Xiao_S3_WIO_companion_radio_full,not measured by this static routing audit
tracked_primary,raw_platformio_environment,Xiao_S3_WIO_sensor,seeed_xiao_esp32s3,node_firmware,Full,True,True,False,True,True,False,False,False,False,False,False,False,Xiao_S3_WIO_sensor,Xiao_S3_WIO_sensor,Xiao_S3_WIO_sensor,exact ordinary Full group choice,full|Xiao_S3_WIO_sensor,not measured by this static routing audit
tracked_primary,raw_platformio_environment,Xiao_S3_WIO_kiss_modem,seeed_xiao_esp32s3,host_modem_KISS,KISS,True,False,False,False,False,False,False,False,False,False,True,False,Xiao_S3_WIO_kiss_modem,,,,auto|Xiao_S3_WIO_kiss_modem,not measured by this static routing audit
optional_local_hil,raw_platformio_environment,profile_switch_xiao,seeed_xiao_esp32s3,optional_local_hil_fixture,source,False,False,False,False,False,False,False,False,False,False,False,True,profile_switch_xiao,,,,auto|profile_switch_xiao,not measured by this static routing audit
optional_local_hil,raw_platformio_environment,profile_switch_indicator,esp32-s3-devkitc-1,optional_local_hil_fixture,source,False,False,False,False,False,False,False,False,False,False,False,True,profile_switch_indicator,,,,auto|profile_switch_indicator,not measured by this static routing audit
optional_local_hil,raw_platformio_environment,profile_switch_heltec_v4,esp32-s3-devkitc-1,optional_local_hil_fixture,source,False,False,False,False,False,False,False,False,False,False,False,True,profile_switch_heltec_v4,,,,auto|profile_switch_heltec_v4,not measured by this static routing audit
optional_local_hil,raw_platformio_environment,profile_four_tx_v4_rx,esp32-s3-devkitc-1,optional_local_hil_fixture,source,False,False,False,False,False,False,False,False,False,False,False,False,profile_four_tx_v4_rx,,,,auto|profile_four_tx_v4_rx,not measured by this static routing audit
tracked_primary,generated_logical_alias,Ebyte_EoRa-S3_Repeater_lora_ota_no_external_sensors,ebyte_eora-s3,reduced_LoRa_OTA,reduced,True,True,False,False,False,False,False,False,True,False,False,False,Ebyte_EoRa-S3_Repeater,Ebyte_EoRa-S3_Repeater,Ebyte_EoRa-S3_repeater_observer_mqtt,exact ordinary Full group choice,standard|Ebyte_EoRa-S3_Repeater_lora_ota_no_external_sensors,not measured by this static routing audit
tracked_primary,generated_logical_alias,Ebyte_EoRa-S3_room_server_lora_ota_no_external_sensors,ebyte_eora-s3,reduced_LoRa_OTA,reduced,True,True,False,False,False,False,False,False,True,False,False,False,Ebyte_EoRa-S3_room_server,Ebyte_EoRa-S3_room_server,Ebyte_EoRa-S3_room_server_observer_mqtt,exact ordinary Full group choice,standard|Ebyte_EoRa-S3_room_server_lora_ota_no_external_sensors,not measured by this static routing audit
tracked_primary,generated_logical_alias,Generic_E22_sx1262_repeater_lora_ota_no_external_sensors,esp32doit-devkit-v1,reduced_LoRa_OTA,reduced,True,True,False,False,False,False,False,False,True,False,False,False,Generic_E22_sx1262_repeater,Generic_E22_sx1262_repeater,Generic_E22_sx1262_repeater,exact ordinary Full group choice,standard|Generic_E22_sx1262_repeater_lora_ota_no_external_sensors,not measured by this static routing audit
tracked_primary,generated_logical_alias,Generic_E22_sx1268_repeater_lora_ota_no_external_sensors,esp32doit-devkit-v1,reduced_LoRa_OTA,reduced,True,True,False,False,False,False,False,False,True,False,False,False,Generic_E22_sx1268_repeater,Generic_E22_sx1268_repeater,Generic_E22_sx1268_repeater,exact ordinary Full group choice,standard|Generic_E22_sx1268_repeater_lora_ota_no_external_sensors,not measured by this static routing audit
tracked_primary,generated_logical_alias,Generic_ESPNOW_repeatr_lora_ota_no_external_sensors,esp32-c3-devkitm-1,reduced_LoRa_OTA,reduced,True,True,False,False,False,False,False,False,True,False,False,False,Generic_ESPNOW_repeatr,Generic_ESPNOW_repeatr,Generic_ESPNOW_repeatr,exact ordinary Full group choice,standard|Generic_ESPNOW_repeatr_lora_ota_no_external_sensors,not measured by this static routing audit
tracked_primary,generated_logical_alias,Generic_ESPNOW_room_svr_lora_ota_no_external_sensors,esp32-c3-devkitm-1,reduced_LoRa_OTA,reduced,True,True,False,False,False,False,False,False,True,False,False,False,Generic_ESPNOW_room_svr,Generic_ESPNOW_room_svr,Generic_ESPNOW_room_svr,exact ordinary Full group choice,standard|Generic_ESPNOW_room_svr_lora_ota_no_external_sensors,not measured by this static routing audit
tracked_primary,generated_logical_alias,GEPRC_Linkflow_900_repeater_lora_ota_no_external_sensors,esp32dev,reduced_LoRa_OTA,reduced,True,True,False,False,False,False,False,False,True,False,False,False,GEPRC_Linkflow_900_repeater,GEPRC_Linkflow_900_repeater,GEPRC_Linkflow_900_repeater,exact ordinary Full group choice,standard|GEPRC_Linkflow_900_repeater_lora_ota_no_external_sensors,not measured by this static routing audit
tracked_primary,generated_logical_alias,Heltec_ct62_repeater_lora_ota_no_external_sensors,esp32-c3-devkitm-1,reduced_LoRa_OTA,reduced,True,True,False,False,False,False,False,False,True,False,False,False,Heltec_ct62_repeater,Heltec_ct62_repeater,Heltec_ct62_repeater,exact ordinary Full group choice,standard|Heltec_ct62_repeater_lora_ota_no_external_sensors,not measured by this static routing audit
tracked_primary,generated_logical_alias,Heltec_E213_repeater_lora_ota_no_external_sensors,heltec_e213,reduced_LoRa_OTA,reduced,True,True,False,False,False,False,False,False,True,False,False,False,Heltec_E213_repeater,Heltec_E213_repeater,Heltec_E213_repeater_observer_mqtt,exact ordinary Full group choice,standard|Heltec_E213_repeater_lora_ota_no_external_sensors,not measured by this static routing audit
tracked_primary,generated_logical_alias,Heltec_E213_room_server_lora_ota_no_external_sensors,heltec_e213,reduced_LoRa_OTA,reduced,True,True,False,False,False,False,False,False,True,False,False,False,Heltec_E213_room_server,Heltec_E213_room_server,Heltec_E213_room_server_observer_mqtt,exact ordinary Full group choice,standard|Heltec_E213_room_server_lora_ota_no_external_sensors,not measured by this static routing audit
tracked_primary,generated_logical_alias,Heltec_E290_repeater_lora_ota_no_external_sensors,heltec_e290,reduced_LoRa_OTA,reduced,True,True,False,False,False,False,False,False,True,False,False,False,Heltec_E290_repeater,Heltec_E290_repeater,Heltec_E290_repeater_observer_mqtt,exact ordinary Full group choice,standard|Heltec_E290_repeater_lora_ota_no_external_sensors,not measured by this static routing audit
tracked_primary,generated_logical_alias,Heltec_E290_room_server_lora_ota_no_external_sensors,heltec_e290,reduced_LoRa_OTA,reduced,True,True,False,False,False,False,False,False,True,False,False,False,Heltec_E290_room_server,Heltec_E290_room_server,Heltec_E290_room_server_observer_mqtt,exact ordinary Full group choice,standard|Heltec_E290_room_server_lora_ota_no_external_sensors,not measured by this static routing audit
tracked_primary,generated_logical_alias,heltec_rc32_without_display_repeater_lora_ota_no_external_sensors,heltec-rc32,reduced_LoRa_OTA,reduced,True,True,False,False,False,False,False,False,True,False,False,False,heltec_rc32_without_display_repeater,heltec_rc32_without_display_repeater,heltec_rc32_without_display_repeater_observer_mqtt,exact ordinary Full group choice,standard|heltec_rc32_without_display_repeater_lora_ota_no_external_sensors,not measured by this static routing audit
tracked_primary,generated_logical_alias,heltec_rc32_without_display_room_server_lora_ota_no_external_sensors,heltec-rc32,reduced_LoRa_OTA,reduced,True,True,False,False,False,False,False,False,True,False,False,False,heltec_rc32_without_display_room_server,heltec_rc32_without_display_room_server,heltec_rc32_without_display_room_server_observer_mqtt,exact ordinary Full group choice,standard|heltec_rc32_without_display_room_server_lora_ota_no_external_sensors,not measured by this static routing audit
tracked_primary,generated_logical_alias,heltec_rc32_repeater_lora_ota_no_external_sensors,heltec-rc32,reduced_LoRa_OTA,reduced,True,True,False,False,False,False,False,False,True,False,False,False,heltec_rc32_repeater,heltec_rc32_repeater,heltec_rc32_repeater_observer_mqtt,exact ordinary Full group choice,standard|heltec_rc32_repeater_lora_ota_no_external_sensors,not measured by this static routing audit
tracked_primary,generated_logical_alias,heltec_rc32_room_server_lora_ota_no_external_sensors,heltec-rc32,reduced_LoRa_OTA,reduced,True,True,False,False,False,False,False,False,True,False,False,False,heltec_rc32_room_server,heltec_rc32_room_server,heltec_rc32_room_server_observer_mqtt,exact ordinary Full group choice,standard|heltec_rc32_room_server_lora_ota_no_external_sensors,not measured by this static routing audit
tracked_primary,generated_logical_alias,Heltec_T190_repeater_lora_ota_no_external_sensors,heltec_t190,reduced_LoRa_OTA,reduced,True,True,False,False,False,False,False,False,True,False,False,False,Heltec_T190_repeater_,Heltec_T190_repeater_,Heltec_T190_repeater_observer_mqtt,exact ordinary Full group choice,standard|Heltec_T190_repeater_lora_ota_no_external_sensors,not measured by this static routing audit
tracked_primary,generated_logical_alias,Heltec_T190_room_server_lora_ota_no_external_sensors,heltec_t190,reduced_LoRa_OTA,reduced,True,True,False,False,False,False,False,False,True,False,False,False,Heltec_T190_room_server_,Heltec_T190_room_server_,Heltec_T190_room_server_observer_mqtt,exact ordinary Full group choice,standard|Heltec_T190_room_server_lora_ota_no_external_sensors,not measured by this static routing audit
tracked_primary,generated_logical_alias,Heltec_Wireless_Tracker_repeater_lora_ota_no_external_sensors,esp32-s3-devkitc-1,reduced_LoRa_OTA,reduced,True,True,False,False,False,False,False,False,True,False,False,False,Heltec_Wireless_Tracker_repeater,Heltec_Wireless_Tracker_repeater,Heltec_Wireless_Tracker_repeater_observer_mqtt,exact ordinary Full group choice,standard|Heltec_Wireless_Tracker_repeater_lora_ota_no_external_sensors,not measured by this static routing audit
tracked_primary,generated_logical_alias,Heltec_Wireless_Tracker_room_server_lora_ota_no_external_sensors,esp32-s3-devkitc-1,reduced_LoRa_OTA,reduced,True,True,False,False,False,False,False,False,True,False,False,False,Heltec_Wireless_Tracker_room_server,Heltec_Wireless_Tracker_room_server,Heltec_Wireless_Tracker_room_server_observer_mqtt,exact ordinary Full group choice,standard|Heltec_Wireless_Tracker_room_server_lora_ota_no_external_sensors,not measured by this static routing audit
tracked_primary,generated_logical_alias,heltec_tracker_v2_repeater_lora_ota_no_external_sensors,heltec_tracker_v2,reduced_LoRa_OTA,reduced,True,True,False,False,False,False,False,False,True,False,False,False,heltec_tracker_v2_repeater,heltec_tracker_v2_repeater,heltec_tracker_v2_repeater_observer_mqtt,exact ordinary Full group choice,standard|heltec_tracker_v2_repeater_lora_ota_no_external_sensors,not measured by this static routing audit
tracked_primary,generated_logical_alias,heltec_tracker_v2_room_server_lora_ota_no_external_sensors,heltec_tracker_v2,reduced_LoRa_OTA,reduced,True,True,False,False,False,False,False,False,True,False,False,False,heltec_tracker_v2_room_server,heltec_tracker_v2_room_server,heltec_tracker_v2_room_server_observer_mqtt,exact ordinary Full group choice,standard|heltec_tracker_v2_room_server_lora_ota_no_external_sensors,not measured by this static routing audit
tracked_primary,generated_logical_alias,Heltec_v2_repeater_lora_ota_no_external_sensors,heltec_wifi_lora_32_V2,reduced_LoRa_OTA,reduced,True,True,False,False,False,False,False,False,True,False,False,False,Heltec_v2_repeater,Heltec_v2_repeater,Heltec_v2_repeater,exact ordinary Full group choice,standard|Heltec_v2_repeater_lora_ota_no_external_sensors,not measured by this static routing audit
tracked_primary,generated_logical_alias,Heltec_v2_room_server_lora_ota_no_external_sensors,heltec_wifi_lora_32_V2,reduced_LoRa_OTA,reduced,True,True,False,False,False,False,False,False,True,False,False,False,Heltec_v2_room_server,Heltec_v2_room_server,Heltec_v2_room_server,exact ordinary Full group choice,standard|Heltec_v2_room_server_lora_ota_no_external_sensors,not measured by this static routing audit
tracked_primary,generated_logical_alias,Heltec_v3_repeater_lora_ota_no_external_sensors,esp32-s3-devkitc-1,reduced_LoRa_OTA,reduced,True,True,False,False,False,False,False,False,True,False,False,False,Heltec_v3_repeater,Heltec_v3_repeater,Heltec_v3_repeater_observer_mqtt,exact ordinary Full group choice,standard|Heltec_v3_repeater_lora_ota_no_external_sensors,not measured by this static routing audit
tracked_primary,generated_logical_alias,Heltec_v3_room_server_lora_ota_no_external_sensors,esp32-s3-devkitc-1,reduced_LoRa_OTA,reduced,True,True,False,False,False,False,False,False,True,False,False,False,Heltec_v3_room_server,Heltec_v3_room_server,Heltec_v3_room_server_observer_mqtt,exact ordinary Full group choice,standard|Heltec_v3_room_server_lora_ota_no_external_sensors,not measured by this static routing audit
tracked_primary,generated_logical_alias,Heltec_WSL3_repeater_lora_ota_no_external_sensors,esp32-s3-devkitc-1,reduced_LoRa_OTA,reduced,True,True,False,False,False,False,False,False,True,False,False,False,Heltec_WSL3_repeater,Heltec_WSL3_repeater,Heltec_WSL3_repeater_observer_mqtt,exact ordinary Full group choice,standard|Heltec_WSL3_repeater_lora_ota_no_external_sensors,not measured by this static routing audit
tracked_primary,generated_logical_alias,Heltec_WSL3_room_server_lora_ota_no_external_sensors,esp32-s3-devkitc-1,reduced_LoRa_OTA,reduced,True,True,False,False,False,False,False,False,True,False,False,False,Heltec_WSL3_room_server,Heltec_WSL3_room_server,Heltec_WSL3_room_server_observer_mqtt,exact ordinary Full group choice,standard|Heltec_WSL3_room_server_lora_ota_no_external_sensors,not measured by this static routing audit
tracked_primary,generated_logical_alias,heltec_v4_repeater_lora_ota_no_external_sensors,heltec_v4,reduced_LoRa_OTA,reduced,True,True,False,False,False,False,False,False,True,False,False,False,heltec_v4_repeater,heltec_v4_repeater,heltec_v4_repeater_observer_mqtt,exact ordinary Full group choice,standard|heltec_v4_repeater_lora_ota_no_external_sensors,not measured by this static routing audit
tracked_primary,generated_logical_alias,heltec_v4_expansionkit_repeater_lora_ota_no_external_sensors,heltec_v4,reduced_LoRa_OTA,reduced,True,True,False,False,False,False,False,False,True,False,False,False,heltec_v4_expansionkit_repeater,heltec_v4_expansionkit_repeater,heltec_v4_expansionkit_repeater_observer_mqtt,exact ordinary Full group choice,standard|heltec_v4_expansionkit_repeater_lora_ota_no_external_sensors,not measured by this static routing audit
tracked_primary,generated_logical_alias,heltec_v4_room_server_lora_ota_no_external_sensors,heltec_v4,reduced_LoRa_OTA,reduced,True,True,False,False,False,False,False,False,True,False,False,False,heltec_v4_room_server,heltec_v4_room_server,heltec_v4_room_server_observer_mqtt,exact ordinary Full group choice,standard|heltec_v4_room_server_lora_ota_no_external_sensors,not measured by this static routing audit
tracked_primary,generated_logical_alias,heltec_v4_tft_repeater_lora_ota_no_external_sensors,heltec_v4,reduced_LoRa_OTA,reduced,True,True,False,False,False,False,False,False,True,False,False,False,heltec_v4_tft_repeater,heltec_v4_tft_repeater,heltec_v4_tft_repeater,exact ordinary Full group choice,standard|heltec_v4_tft_repeater_lora_ota_no_external_sensors,not measured by this static routing audit
tracked_primary,generated_logical_alias,heltec_v4_tft_room_server_lora_ota_no_external_sensors,heltec_v4,reduced_LoRa_OTA,reduced,True,True,False,False,False,False,False,False,True,False,False,False,heltec_v4_tft_room_server,heltec_v4_tft_room_server,heltec_v4_tft_room_server,exact ordinary Full group choice,standard|heltec_v4_tft_room_server_lora_ota_no_external_sensors,not measured by this static routing audit
tracked_primary,generated_logical_alias,heltec_v4_partition_migrator_lora_repeater_lora_ota_no_external_sensors,heltec_v4_migrator,development_or_migration_utility,source,False,False,False,False,False,False,False,False,True,False,False,True,heltec_v4_partition_migrator_lora_repeater,,,,standard|heltec_v4_partition_migrator_lora_repeater_lora_ota_no_external_sensors,not measured by this static routing audit
tracked_primary,generated_logical_alias,heltec_v4_r8_repeater_lora_ota_no_external_sensors,heltec_v4_r8,reduced_LoRa_OTA,reduced,True,True,False,False,False,False,False,False,True,False,False,False,heltec_v4_r8_repeater,heltec_v4_r8_repeater,heltec_v4_r8_repeater_observer_mqtt,exact ordinary Full group choice,standard|heltec_v4_r8_repeater_lora_ota_no_external_sensors,not measured by this static routing audit
tracked_primary,generated_logical_alias,heltec_v4_r8_room_server_lora_ota_no_external_sensors,heltec_v4_r8,reduced_LoRa_OTA,reduced,True,True,False,False,False,False,False,False,True,False,False,False,heltec_v4_r8_room_server,heltec_v4_r8_room_server,heltec_v4_r8_room_server_observer_mqtt,exact ordinary Full group choice,standard|heltec_v4_r8_room_server_lora_ota_no_external_sensors,not measured by this static routing audit
tracked_primary,generated_logical_alias,heltec_v4_r8_tft_repeater_lora_ota_no_external_sensors,heltec_v4_r8,reduced_LoRa_OTA,reduced,True,True,False,False,False,False,False,False,True,False,False,False,heltec_v4_r8_tft_repeater,heltec_v4_r8_tft_repeater,heltec_v4_r8_tft_repeater_observer_mqtt,exact ordinary Full group choice,standard|heltec_v4_r8_tft_repeater_lora_ota_no_external_sensors,not measured by this static routing audit
tracked_primary,generated_logical_alias,heltec_v4_r8_tft_room_server_lora_ota_no_external_sensors,heltec_v4_r8,reduced_LoRa_OTA,reduced,True,True,False,False,False,False,False,False,True,False,False,False,heltec_v4_r8_tft_room_server,heltec_v4_r8_tft_room_server,heltec_v4_r8_tft_room_server_observer_mqtt,exact ordinary Full group choice,standard|heltec_v4_r8_tft_room_server_lora_ota_no_external_sensors,not measured by this static routing audit
tracked_primary,generated_logical_alias,Heltec_Wireless_Paper_repeater_lora_ota_no_external_sensors,esp32-s3-devkitc-1,reduced_LoRa_OTA,reduced,True,True,False,False,False,False,False,False,True,False,False,False,Heltec_Wireless_Paper_repeater,Heltec_Wireless_Paper_repeater,Heltec_Wireless_Paper_repeater_observer_mqtt,exact ordinary Full group choice,standard|Heltec_Wireless_Paper_repeater_lora_ota_no_external_sensors,not measured by this static routing audit
tracked_primary,generated_logical_alias,Heltec_Wireless_Paper_room_server_lora_ota_no_external_sensors,esp32-s3-devkitc-1,reduced_LoRa_OTA,reduced,True,True,False,False,False,False,False,False,True,False,False,False,Heltec_Wireless_Paper_room_server,Heltec_Wireless_Paper_room_server,Heltec_Wireless_Paper_room_server_observer_mqtt,exact ordinary Full group choice,standard|Heltec_Wireless_Paper_room_server_lora_ota_no_external_sensors,not measured by this static routing audit
tracked_primary,generated_logical_alias,LilyGo_T3S3_sx1262_repeater_lora_ota_no_external_sensors,t3_s3_v1_x,reduced_LoRa_OTA,reduced,True,True,False,False,False,False,False,False,True,False,False,False,LilyGo_T3S3_sx1262_repeater,LilyGo_T3S3_sx1262_repeater,LilyGo_T3S3_sx1262_repeater_observer_mqtt,exact ordinary Full group choice,standard|LilyGo_T3S3_sx1262_repeater_lora_ota_no_external_sensors,not measured by this static routing audit
tracked_primary,generated_logical_alias,LilyGo_T3S3_sx1262_room_server_lora_ota_no_external_sensors,t3_s3_v1_x,reduced_LoRa_OTA,reduced,True,True,False,False,False,False,False,False,True,False,False,False,LilyGo_T3S3_sx1262_room_server,LilyGo_T3S3_sx1262_room_server,LilyGo_T3S3_sx1262_room_server_observer_mqtt,exact ordinary Full group choice,standard|LilyGo_T3S3_sx1262_room_server_lora_ota_no_external_sensors,not measured by this static routing audit
tracked_primary,generated_logical_alias,LilyGo_T3S3_sx1276_repeater_lora_ota_no_external_sensors,t3_s3_v1_x,reduced_LoRa_OTA,reduced,True,True,False,False,False,False,False,False,True,False,False,False,LilyGo_T3S3_sx1276_repeater,LilyGo_T3S3_sx1276_repeater,LilyGo_T3S3_sx1276_repeater_observer_mqtt,exact ordinary Full group choice,standard|LilyGo_T3S3_sx1276_repeater_lora_ota_no_external_sensors,not measured by this static routing audit
tracked_primary,generated_logical_alias,LilyGo_T3S3_sx1276_room_server_lora_ota_no_external_sensors,t3_s3_v1_x,reduced_LoRa_OTA,reduced,True,True,False,False,False,False,False,False,True,False,False,False,LilyGo_T3S3_sx1276_room_server,LilyGo_T3S3_sx1276_room_server,LilyGo_T3S3_sx1276_room_server_observer_mqtt,exact ordinary Full group choice,standard|LilyGo_T3S3_sx1276_room_server_lora_ota_no_external_sensors,not measured by this static routing audit
tracked_primary,generated_logical_alias,LilyGo_TBeam_1W_repeater_lora_ota_no_external_sensors,t_beam_1w,reduced_LoRa_OTA,reduced,True,True,False,False,False,False,False,False,True,False,False,False,LilyGo_TBeam_1W_repeater,LilyGo_TBeam_1W_repeater,LilyGo_TBeam_1W_repeater_observer_mqtt,exact ordinary Full group choice,standard|LilyGo_TBeam_1W_repeater_lora_ota_no_external_sensors,not measured by this static routing audit
tracked_primary,generated_logical_alias,LilyGo_TBeam_1W_room_server_lora_ota_no_external_sensors,t_beam_1w,reduced_LoRa_OTA,reduced,True,True,False,False,False,False,False,False,True,False,False,False,LilyGo_TBeam_1W_room_server,LilyGo_TBeam_1W_room_server,LilyGo_TBeam_1W_room_server_observer_mqtt,exact ordinary Full group choice,standard|LilyGo_TBeam_1W_room_server_lora_ota_no_external_sensors,not measured by this static routing audit
tracked_primary,generated_logical_alias,T_Beam_S3_Supreme_SX1262_repeater_lora_ota_no_external_sensors,t_beams3_supreme,reduced_LoRa_OTA,reduced,True,True,False,False,False,False,False,False,True,False,False,False,T_Beam_S3_Supreme_SX1262_repeater,T_Beam_S3_Supreme_SX1262_repeater,T_Beam_S3_Supreme_SX1262_repeater_observer_mqtt,exact ordinary Full group choice,standard|T_Beam_S3_Supreme_SX1262_repeater_lora_ota_no_external_sensors,not measured by this static routing audit
tracked_primary,generated_logical_alias,T_Beam_S3_Supreme_SX1262_room_server_lora_ota_no_external_sensors,t_beams3_supreme,reduced_LoRa_OTA,reduced,True,True,False,False,False,False,False,False,True,False,False,False,T_Beam_S3_Supreme_SX1262_room_server,T_Beam_S3_Supreme_SX1262_room_server,T_Beam_S3_Supreme_SX1262_room_server_observer_mqtt,exact ordinary Full group choice,standard|T_Beam_S3_Supreme_SX1262_room_server_lora_ota_no_external_sensors,not measured by this static routing audit
tracked_primary,generated_logical_alias,Tbeam_SX1262_repeater_lora_ota_no_external_sensors,ttgo-t-beam,reduced_LoRa_OTA,reduced,True,True,False,False,False,False,False,False,True,False,False,False,Tbeam_SX1262_repeater,Tbeam_SX1262_repeater_observer_mqtt,Tbeam_SX1262_repeater_observer_mqtt,exact ordinary Full group choice,standard|Tbeam_SX1262_repeater_lora_ota_no_external_sensors,not measured by this static routing audit
tracked_primary,generated_logical_alias,Tbeam_SX1262_room_server_lora_ota_no_external_sensors,ttgo-t-beam,reduced_LoRa_OTA,reduced,True,True,False,False,False,False,False,False,True,False,False,False,Tbeam_SX1262_room_server,Tbeam_SX1262_room_server_observer_mqtt,Tbeam_SX1262_room_server_observer_mqtt,exact ordinary Full group choice,standard|Tbeam_SX1262_room_server_lora_ota_no_external_sensors,not measured by this static routing audit
tracked_primary,generated_logical_alias,Tbeam_SX1276_repeater_lora_ota_no_external_sensors,ttgo-t-beam,reduced_LoRa_OTA,reduced,True,True,False,False,False,False,False,False,True,False,False,False,Tbeam_SX1276_repeater,Tbeam_SX1276_repeater_observer_mqtt,Tbeam_SX1276_repeater_observer_mqtt,exact ordinary Full group choice,standard|Tbeam_SX1276_repeater_lora_ota_no_external_sensors,not measured by this static routing audit
tracked_primary,generated_logical_alias,Tbeam_SX1276_room_server_lora_ota_no_external_sensors,ttgo-t-beam,reduced_LoRa_OTA,reduced,True,True,False,False,False,False,False,False,True,False,False,False,Tbeam_SX1276_room_server,Tbeam_SX1276_room_server_observer_mqtt,Tbeam_SX1276_room_server_observer_mqtt,exact ordinary Full group choice,standard|Tbeam_SX1276_room_server_lora_ota_no_external_sensors,not measured by this static routing audit
tracked_primary,generated_logical_alias,LilyGo_TDeck_repeater_lora_ota_no_external_sensors,t-deck,reduced_LoRa_OTA,reduced,True,True,False,False,False,False,False,False,True,False,False,False,LilyGo_TDeck_repeater,LilyGo_TDeck_repeater,LilyGo_TDeck_repeater,exact ordinary Full group choice,standard|LilyGo_TDeck_repeater_lora_ota_no_external_sensors,not measured by this static routing audit
tracked_primary,generated_logical_alias,LilyGo_TETH_Elite_sx1262_repeater_lora_ota_no_external_sensors,esp32s3box,reduced_LoRa_OTA,reduced,True,True,False,False,False,False,False,False,True,False,False,False,LilyGo_TETH_Elite_sx1262_repeater,LilyGo_TETH_Elite_sx1262_repeater,LilyGo_TETH_Elite_sx1262_repeater_observer_mqtt,exact ordinary Full group choice,standard|LilyGo_TETH_Elite_sx1262_repeater_lora_ota_no_external_sensors,not measured by this static routing audit
tracked_primary,generated_logical_alias,LilyGo_TETH_Elite_sx1262_room_server_lora_ota_no_external_sensors,esp32s3box,reduced_LoRa_OTA,reduced,True,True,False,False,False,False,False,False,True,False,False,False,LilyGo_TETH_Elite_sx1262_room_server,LilyGo_TETH_Elite_sx1262_room_server,LilyGo_TETH_Elite_sx1262_room_server_observer_mqtt,exact ordinary Full group choice,standard|LilyGo_TETH_Elite_sx1262_room_server_lora_ota_no_external_sensors,not measured by this static routing audit
tracked_primary,generated_logical_alias,LilyGo_Tlora_C6_repeater_lora_ota_no_external_sensors,esp32-c6-devkitm-1,reduced_LoRa_OTA,reduced,True,True,False,False,False,False,False,False,True,False,False,False,LilyGo_Tlora_C6_repeater_,LilyGo_Tlora_C6_repeater_,LilyGo_Tlora_C6_repeater_,exact ordinary Full group choice,standard|LilyGo_Tlora_C6_repeater_lora_ota_no_external_sensors,not measured by this static routing audit
tracked_primary,generated_logical_alias,LilyGo_Tlora_C6_room_server_lora_ota_no_external_sensors,esp32-c6-devkitm-1,reduced_LoRa_OTA,reduced,True,True,False,False,False,False,False,False,True,False,False,False,LilyGo_Tlora_C6_room_server_,LilyGo_Tlora_C6_room_server_,LilyGo_Tlora_C6_room_server_,exact ordinary Full group choice,standard|LilyGo_Tlora_C6_room_server_lora_ota_no_external_sensors,not measured by this static routing audit
tracked_primary,generated_logical_alias,LilyGo_TLora_V2_1_1_6_repeater_lora_ota_no_external_sensors,ttgo-lora32-v1,reduced_LoRa_OTA,reduced,True,True,False,False,False,False,False,False,True,False,False,False,LilyGo_TLora_V2_1_1_6_repeater,LilyGo_TLora_V2_1_1_6_repeater,LilyGo_TLora_V2_1_1_6_repeater,exact ordinary Full group choice,standard|LilyGo_TLora_V2_1_1_6_repeater_lora_ota_no_external_sensors,not measured by this static routing audit
tracked_primary,generated_logical_alias,LilyGo_TLora_V2_1_1_6_room_server_lora_ota_no_external_sensors,ttgo-lora32-v1,reduced_LoRa_OTA,reduced,True,True,False,False,False,False,False,False,True,False,False,False,LilyGo_TLora_V2_1_1_6_room_server,LilyGo_TLora_V2_1_1_6_room_server_observer_mqtt_,LilyGo_TLora_V2_1_1_6_room_server_observer_mqtt_,exact ordinary Full group choice,standard|LilyGo_TLora_V2_1_1_6_room_server_lora_ota_no_external_sensors,not measured by this static routing audit
tracked_primary,generated_logical_alias,M5Stack_Unit_C6L_repeater_lora_ota_no_external_sensors,esp32-c6-devkitm-1,reduced_LoRa_OTA,reduced,True,True,False,False,False,False,False,False,True,False,False,False,M5Stack_Unit_C6L_repeater,M5Stack_Unit_C6L_repeater,M5Stack_Unit_C6L_repeater,exact ordinary Full group choice,standard|M5Stack_Unit_C6L_repeater_lora_ota_no_external_sensors,not measured by this static routing audit
tracked_primary,generated_logical_alias,M5Stack_Unit_C6L_room_server_lora_ota_no_external_sensors,esp32-c6-devkitm-1,reduced_LoRa_OTA,reduced,True,True,False,False,False,False,False,False,True,False,False,False,M5Stack_Unit_C6L_room_server,M5Stack_Unit_C6L_room_server,M5Stack_Unit_C6L_room_server,exact ordinary Full group choice,standard|M5Stack_Unit_C6L_room_server_lora_ota_no_external_sensors,not measured by this static routing audit
tracked_primary,generated_logical_alias,Meshadventurer_sx1262_repeater_lora_ota_no_external_sensors,esp32doit-devkit-v1,reduced_LoRa_OTA,reduced,True,True,False,False,False,False,False,False,True,False,False,False,Meshadventurer_sx1262_repeater,Meshadventurer_sx1262_repeater,Meshadventurer_sx1262_repeater,exact ordinary Full group choice,standard|Meshadventurer_sx1262_repeater_lora_ota_no_external_sensors,not measured by this static routing audit
tracked_primary,generated_logical_alias,Meshadventurer_sx1268_repeater_lora_ota_no_external_sensors,esp32doit-devkit-v1,reduced_LoRa_OTA,reduced,True,True,False,False,False,False,False,False,True,False,False,False,Meshadventurer_sx1268_repeater,Meshadventurer_sx1268_repeater,Meshadventurer_sx1268_repeater,exact ordinary Full group choice,standard|Meshadventurer_sx1268_repeater_lora_ota_no_external_sensors,not measured by this static routing audit
tracked_primary,generated_logical_alias,Meshadventurer_sx1262_room_server_lora_ota_no_external_sensors,esp32doit-devkit-v1,reduced_LoRa_OTA,reduced,True,True,False,False,False,False,False,False,True,False,False,False,Meshadventurer_sx1262_room_server,Meshadventurer_sx1262_room_server,Meshadventurer_sx1262_room_server,exact ordinary Full group choice,standard|Meshadventurer_sx1262_room_server_lora_ota_no_external_sensors,not measured by this static routing audit
tracked_primary,generated_logical_alias,Meshadventurer_sx1268_room_server_lora_ota_no_external_sensors,esp32doit-devkit-v1,reduced_LoRa_OTA,reduced,True,True,False,False,False,False,False,False,True,False,False,False,Meshadventurer_sx1268_room_server,Meshadventurer_sx1268_room_server,Meshadventurer_sx1268_room_server,exact ordinary Full group choice,standard|Meshadventurer_sx1268_room_server_lora_ota_no_external_sensors,not measured by this static routing audit
tracked_primary,generated_logical_alias,meshnology_w12_repeater_lora_ota_no_external_sensors,meshnology_w12,reduced_LoRa_OTA,reduced,True,True,False,False,False,False,False,False,True,False,False,False,meshnology_w12_repeater,meshnology_w12_repeater,meshnology_w12_repeater_observer_mqtt,exact ordinary Full group choice,standard|meshnology_w12_repeater_lora_ota_no_external_sensors,not measured by this static routing audit
tracked_primary,generated_logical_alias,meshnology_w12_room_server_lora_ota_no_external_sensors,meshnology_w12,reduced_LoRa_OTA,reduced,True,True,False,False,False,False,False,False,True,False,False,False,meshnology_w12_room_server,meshnology_w12_room_server,meshnology_w12_room_server_observer_mqtt,exact ordinary Full group choice,standard|meshnology_w12_room_server_lora_ota_no_external_sensors,not measured by this static routing audit
tracked_primary,generated_logical_alias,MKE_s3_repeater_lora_ota_no_external_sensors,esp32-s3-devkitc-1,reduced_LoRa_OTA,reduced,True,True,False,False,False,False,False,False,True,False,False,False,MKE_s3_repeater,MKE_s3_repeater,MKE_s3_repeater,exact ordinary Full group choice,standard|MKE_s3_repeater_lora_ota_no_external_sensors,not measured by this static routing audit
tracked_primary,generated_logical_alias,MKE_s3_room_server_lora_ota_no_external_sensors,esp32-s3-devkitc-1,reduced_LoRa_OTA,reduced,True,True,False,False,False,False,False,False,True,False,False,False,MKE_s3_room_server,MKE_s3_room_server,MKE_s3_room_server,exact ordinary Full group choice,standard|MKE_s3_room_server_lora_ota_no_external_sensors,not measured by this static routing audit
tracked_primary,generated_logical_alias,nibble_screen_connect_repeater_lora_ota_no_external_sensors,esp32-s3-zero,reduced_LoRa_OTA,reduced,True,True,False,False,False,False,False,False,True,False,False,False,nibble_screen_connect_repeater_,nibble_screen_connect_repeater_,nibble_screen_connect_repeater_,exact ordinary Full group choice,standard|nibble_screen_connect_repeater_lora_ota_no_external_sensors,not measured by this static routing audit
tracked_primary,generated_logical_alias,nibble_screen_connect_room_server_lora_ota_no_external_sensors,esp32-s3-zero,reduced_LoRa_OTA,reduced,True,True,False,False,False,False,False,False,True,False,False,False,nibble_screen_connect_room_server_,nibble_screen_connect_room_server_,nibble_screen_connect_room_server_,exact ordinary Full group choice,standard|nibble_screen_connect_room_server_lora_ota_no_external_sensors,not measured by this static routing audit
tracked_primary,generated_logical_alias,nibble_zero_connect_repeater_lora_ota_no_external_sensors,esp32-s3-zero,reduced_LoRa_OTA,reduced,True,True,False,False,False,False,False,False,True,False,False,False,nibble_zero_connect_repeater_,nibble_zero_connect_repeater_,nibble_zero_connect_repeater_,exact ordinary Full group choice,standard|nibble_zero_connect_repeater_lora_ota_no_external_sensors,not measured by this static routing audit
tracked_primary,generated_logical_alias,nibble_zero_connect_room_server_lora_ota_no_external_sensors,esp32-s3-zero,reduced_LoRa_OTA,reduced,True,True,False,False,False,False,False,False,True,False,False,False,nibble_zero_connect_room_server_,nibble_zero_connect_room_server_,nibble_zero_connect_room_server_,exact ordinary Full group choice,standard|nibble_zero_connect_room_server_lora_ota_no_external_sensors,not measured by this static routing audit
tracked_primary,generated_logical_alias,RAK_3112_repeater_lora_ota_no_external_sensors,esp32-s3-devkitc-1,reduced_LoRa_OTA,reduced,True,True,False,False,False,False,False,False,True,False,False,False,RAK_3112_repeater,RAK_3112_repeater,RAK_3112_repeater_observer_mqtt,exact ordinary Full group choice,standard|RAK_3112_repeater_lora_ota_no_external_sensors,not measured by this static routing audit
tracked_primary,generated_logical_alias,RAK_3112_room_server_lora_ota_no_external_sensors,esp32-s3-devkitc-1,reduced_LoRa_OTA,reduced,True,True,False,False,False,False,False,False,True,False,False,False,RAK_3112_room_server,RAK_3112_room_server,RAK_3112_room_server_observer_mqtt,exact ordinary Full group choice,standard|RAK_3112_room_server_lora_ota_no_external_sensors,not measured by this static routing audit
tracked_primary,generated_logical_alias,Station_G2_repeater_lora_ota_no_external_sensors,station-g2,reduced_LoRa_OTA,reduced,True,True,False,False,False,False,False,False,True,False,False,False,Station_G2_repeater,Station_G2_repeater_observer_mqtt,Station_G2_repeater_observer_mqtt,exact ordinary Full group choice,standard|Station_G2_repeater_lora_ota_no_external_sensors,not measured by this static routing audit
tracked_primary,generated_logical_alias,Station_G2_logging_repeater_lora_ota_no_external_sensors,station-g2,reduced_LoRa_OTA,reduced,False,False,False,False,False,False,False,True,True,False,False,True,Station_G2_logging_repeater,Station_G2_repeater_observer_mqtt,Station_G2_repeater_observer_mqtt,logging alias -> exact ordinary Full group choice,standard|Station_G2_logging_repeater_lora_ota_no_external_sensors,not measured by this static routing audit
tracked_primary,generated_logical_alias,Station_G2_room_server_lora_ota_no_external_sensors,station-g2,reduced_LoRa_OTA,reduced,True,True,False,False,False,False,False,False,True,False,False,False,Station_G2_room_server,Station_G2_room_server_observer_mqtt,Station_G2_room_server_observer_mqtt,exact ordinary Full group choice,standard|Station_G2_room_server_lora_ota_no_external_sensors,not measured by this static routing audit
tracked_primary,generated_logical_alias,Station_G3_ESP32_repeater_lora_ota_no_external_sensors,station-g3-esp32,reduced_LoRa_OTA,reduced,True,True,False,False,False,False,False,False,True,False,False,False,Station_G3_ESP32_repeater,Station_G3_ESP32_repeater,Station_G3_ESP32_repeater_observer_mqtt,exact ordinary Full group choice,standard|Station_G3_ESP32_repeater_lora_ota_no_external_sensors,not measured by this static routing audit
tracked_primary,generated_logical_alias,Station_G3_ESP32_logging_repeater_lora_ota_no_external_sensors,station-g3-esp32,reduced_LoRa_OTA,reduced,False,False,False,False,False,False,False,True,True,False,False,True,Station_G3_ESP32_logging_repeater,Station_G3_ESP32_repeater,Station_G3_ESP32_repeater_observer_mqtt,logging alias -> exact ordinary Full group choice,standard|Station_G3_ESP32_logging_repeater_lora_ota_no_external_sensors,not measured by this static routing audit
tracked_primary,generated_logical_alias,Station_G3_ESP32_room_server_lora_ota_no_external_sensors,station-g3-esp32,reduced_LoRa_OTA,reduced,True,True,False,False,False,False,False,False,True,False,False,False,Station_G3_ESP32_room_server,Station_G3_ESP32_room_server,Station_G3_ESP32_room_server_observer_mqtt,exact ordinary Full group choice,standard|Station_G3_ESP32_room_server_lora_ota_no_external_sensors,not measured by this static routing audit
tracked_primary,generated_logical_alias,Station_G3_ESP32_r2_repeater_lora_ota_no_external_sensors,station-g3-esp32,reduced_LoRa_OTA,reduced,True,True,False,False,False,False,False,False,True,False,False,False,Station_G3_ESP32_r2_repeater,Station_G3_ESP32_r2_repeater_observer_mqtt,Station_G3_ESP32_r2_repeater_observer_mqtt,exact ordinary Full group choice,standard|Station_G3_ESP32_r2_repeater_lora_ota_no_external_sensors,not measured by this static routing audit
tracked_primary,generated_logical_alias,Station_G3_ESP32_r2_room_server_lora_ota_no_external_sensors,station-g3-esp32,reduced_LoRa_OTA,reduced,True,True,False,False,False,False,False,False,True,False,False,False,Station_G3_ESP32_r2_room_server,Station_G3_ESP32_r2_room_server_observer_mqtt,Station_G3_ESP32_r2_room_server_observer_mqtt,exact ordinary Full group choice,standard|Station_G3_ESP32_r2_room_server_lora_ota_no_external_sensors,not measured by this static routing audit
tracked_primary,generated_logical_alias,Tenstar_C3_sx1262_repeater_lora_ota_no_external_sensors,esp32-c3-devkitm-1,reduced_LoRa_OTA,reduced,True,True,False,False,False,False,False,False,True,False,False,False,Tenstar_C3_sx1262_repeater,Tenstar_C3_sx1262_repeater,Tenstar_C3_sx1262_repeater,exact ordinary Full group choice,standard|Tenstar_C3_sx1262_repeater_lora_ota_no_external_sensors,not measured by this static routing audit
tracked_primary,generated_logical_alias,Tenstar_C3_sx1268_repeater_lora_ota_no_external_sensors,esp32-c3-devkitm-1,reduced_LoRa_OTA,reduced,True,True,False,False,False,False,False,False,True,False,False,False,Tenstar_C3_sx1268_repeater,Tenstar_C3_sx1268_repeater,Tenstar_C3_sx1268_repeater,exact ordinary Full group choice,standard|Tenstar_C3_sx1268_repeater_lora_ota_no_external_sensors,not measured by this static routing audit
tracked_primary,generated_logical_alias,ThinkNode_M2_Repeater_lora_ota_no_external_sensors,ESP32-S3-WROOM-1-N4,reduced_LoRa_OTA,reduced,True,True,False,False,False,False,False,False,True,False,False,False,ThinkNode_M2_Repeater,ThinkNode_M2_Repeater,ThinkNode_M2_Repeater,exact ordinary Full group choice,standard|ThinkNode_M2_Repeater_lora_ota_no_external_sensors,not measured by this static routing audit
tracked_primary,generated_logical_alias,ThinkNode_M2_room_server_lora_ota_no_external_sensors,ESP32-S3-WROOM-1-N4,reduced_LoRa_OTA,reduced,True,True,False,False,False,False,False,False,True,False,False,False,ThinkNode_M2_room_server,ThinkNode_M2_room_server,ThinkNode_M2_room_server,exact ordinary Full group choice,standard|ThinkNode_M2_room_server_lora_ota_no_external_sensors,not measured by this static routing audit
tracked_primary,generated_logical_alias,ThinkNode_M5_Repeater_lora_ota_no_external_sensors,ESP32-S3-WROOM-1-N4,reduced_LoRa_OTA,reduced,True,True,False,False,False,False,False,False,True,False,False,False,ThinkNode_M5_Repeater,ThinkNode_M5_Repeater,ThinkNode_M5_Repeater,exact ordinary Full group choice,standard|ThinkNode_M5_Repeater_lora_ota_no_external_sensors,not measured by this static routing audit
tracked_primary,generated_logical_alias,ThinkNode_M5_room_server_lora_ota_no_external_sensors,ESP32-S3-WROOM-1-N4,reduced_LoRa_OTA,reduced,True,True,False,False,False,False,False,False,True,False,False,False,ThinkNode_M5_room_server,ThinkNode_M5_room_server,ThinkNode_M5_room_server,exact ordinary Full group choice,standard|ThinkNode_M5_room_server_lora_ota_no_external_sensors,not measured by this static routing audit
tracked_primary,generated_logical_alias,ThinkNode_M7_repeater_lora_ota_no_external_sensors,thinknode_m7,reduced_LoRa_OTA,reduced,True,True,False,False,False,False,False,False,True,False,False,False,ThinkNode_M7_repeater,ThinkNode_M7_repeater,ThinkNode_M7_repeater_observer_mqtt,exact ordinary Full group choice,standard|ThinkNode_M7_repeater_lora_ota_no_external_sensors,not measured by this static routing audit
tracked_primary,generated_logical_alias,ThinkNode_M7_room_server_lora_ota_no_external_sensors,thinknode_m7,reduced_LoRa_OTA,reduced,True,True,False,False,False,False,False,False,True,False,False,False,ThinkNode_M7_room_server,ThinkNode_M7_room_server,ThinkNode_M7_room_server_observer_mqtt,exact ordinary Full group choice,standard|ThinkNode_M7_room_server_lora_ota_no_external_sensors,not measured by this static routing audit
tracked_primary,generated_logical_alias,ThinkNode_M9_repeater_lora_ota_no_external_sensors,thinknode_m9,reduced_LoRa_OTA,reduced,True,True,False,False,False,False,False,False,True,False,False,False,ThinkNode_M9_repeater_,ThinkNode_M9_repeater_,ThinkNode_M9_repeater_,exact ordinary Full group choice,standard|ThinkNode_M9_repeater_lora_ota_no_external_sensors,not measured by this static routing audit
tracked_primary,generated_logical_alias,ThinkNode_M9_room_server_lora_ota_no_external_sensors,thinknode_m9,reduced_LoRa_OTA,reduced,True,True,False,False,False,False,False,False,True,False,False,False,ThinkNode_M9_room_server_,ThinkNode_M9_room_server_,ThinkNode_M9_room_server_,exact ordinary Full group choice,standard|ThinkNode_M9_room_server_lora_ota_no_external_sensors,not measured by this static routing audit
tracked_primary,generated_logical_alias,Xiao_C3_repeater_lora_ota_no_external_sensors,seeed_xiao_esp32c3,reduced_LoRa_OTA,reduced,True,True,False,False,False,False,False,False,True,False,False,False,Xiao_C3_repeater,Xiao_C3_repeater,Xiao_C3_repeater,exact ordinary Full group choice,standard|Xiao_C3_repeater_lora_ota_no_external_sensors,not measured by this static routing audit
tracked_primary,generated_logical_alias,Xiao_C3_room_server_lora_ota_no_external_sensors,seeed_xiao_esp32c3,reduced_LoRa_OTA,reduced,True,True,False,False,False,False,False,False,True,False,False,False,Xiao_C3_room_server,Xiao_C3_room_server,Xiao_C3_room_server,exact ordinary Full group choice,standard|Xiao_C3_room_server_lora_ota_no_external_sensors,not measured by this static routing audit
tracked_primary,generated_logical_alias,Xiao_C6_repeater_lora_ota_no_external_sensors,esp32-c6-devkitm-1,reduced_LoRa_OTA,reduced,True,True,False,False,False,False,False,False,True,False,False,False,Xiao_C6_repeater_,Xiao_C6_repeater_,Xiao_C6_repeater_,exact ordinary Full group choice,standard|Xiao_C6_repeater_lora_ota_no_external_sensors,not measured by this static routing audit
tracked_primary,generated_logical_alias,Meshimi_repeater_lora_ota_no_external_sensors,esp32-c6-devkitm-1,reduced_LoRa_OTA,reduced,True,True,False,False,False,False,False,False,True,False,False,False,Meshimi_repeater_,Meshimi_repeater_,Meshimi_repeater_,exact ordinary Full group choice,standard|Meshimi_repeater_lora_ota_no_external_sensors,not measured by this static routing audit
tracked_primary,generated_logical_alias,WHY2025_badge_repeater_lora_ota_no_external_sensors,esp32-c6-devkitm-1,reduced_LoRa_OTA,reduced,True,True,False,False,False,False,False,False,True,False,False,False,WHY2025_badge_repeater_,WHY2025_badge_repeater_,WHY2025_badge_repeater_,exact ordinary Full group choice,standard|WHY2025_badge_repeater_lora_ota_no_external_sensors,not measured by this static routing audit
tracked_primary,generated_logical_alias,Xiao_S3_repeater_lora_ota_no_external_sensors,seeed_xiao_esp32s3,reduced_LoRa_OTA,reduced,True,True,False,False,False,False,False,False,True,False,False,False,Xiao_S3_repeater,Xiao_S3_repeater,Xiao_S3_repeater_observer_mqtt,exact ordinary Full group choice,standard|Xiao_S3_repeater_lora_ota_no_external_sensors,not measured by this static routing audit
tracked_primary,generated_logical_alias,Xiao_S3_room_server_lora_ota_no_external_sensors,seeed_xiao_esp32s3,reduced_LoRa_OTA,reduced,True,True,False,False,False,False,False,False,True,False,False,False,Xiao_S3_room_server,Xiao_S3_room_server,Xiao_S3_room_server_observer_mqtt,exact ordinary Full group choice,standard|Xiao_S3_room_server_lora_ota_no_external_sensors,not measured by this static routing audit
tracked_primary,generated_logical_alias,Xiao_S3_WIO_repeater_lora_ota_no_external_sensors,seeed_xiao_esp32s3,reduced_LoRa_OTA,reduced,True,True,False,False,False,False,False,False,True,False,False,False,Xiao_S3_WIO_repeater,Xiao_S3_WIO_repeater,Xiao_S3_WIO_repeater_observer_mqtt,exact ordinary Full group choice,standard|Xiao_S3_WIO_repeater_lora_ota_no_external_sensors,not measured by this static routing audit
tracked_primary,generated_logical_alias,xiao_s3_partition_migrator_lora_repeater_lora_ota_no_external_sensors,seeed_xiao_esp32s3_migrator,development_or_migration_utility,source,False,False,False,False,False,False,False,False,True,False,False,True,xiao_s3_partition_migrator_lora_repeater,,,,standard|xiao_s3_partition_migrator_lora_repeater_lora_ota_no_external_sensors,not measured by this static routing audit
tracked_primary,generated_logical_alias,Xiao_S3_WIO_room_server_lora_ota_no_external_sensors,seeed_xiao_esp32s3,reduced_LoRa_OTA,reduced,True,True,False,False,False,False,False,False,True,False,False,False,Xiao_S3_WIO_room_server,Xiao_S3_WIO_room_server,Xiao_S3_WIO_room_server_observer_mqtt,exact ordinary Full group choice,standard|Xiao_S3_WIO_room_server_lora_ota_no_external_sensors,not measured by this static routing audit
tracked_primary,generated_logical_alias,heltec_tracker_v2_companion_radio_full_femoff,heltec_tracker_v2,named_Full_Companion,Full,False,False,True,False,False,False,False,True,False,True,False,True,heltec_tracker_v2_companion_radio_wifi_femoff,heltec_tracker_v2_companion_radio_full_femon,heltec_tracker_v2_companion_radio_full_femon,canonical runtime FEM alias -> named Full Companion,full|heltec_tracker_v2_companion_radio_full_femoff,not measured by this static routing audit
tracked_primary,generated_logical_alias,Heltec_v2_companion_radio_full,heltec_wifi_lora_32_V2,named_Full_Companion,Full,True,True,True,False,False,False,False,False,False,True,False,False,Heltec_v2_companion_radio_wifi,Heltec_v2_companion_radio_full,Heltec_v2_companion_radio_wifi,named Full Companion,full|Heltec_v2_companion_radio_full,not measured by this static routing audit
tracked_primary,generated_logical_alias,Heltec_WSL3_companion_radio_full,esp32-s3-devkitc-1,named_Full_Companion,Full,True,True,True,False,False,False,False,False,False,True,False,False,Heltec_WSL3_companion_radio_wifi,Heltec_WSL3_companion_radio_full,Heltec_WSL3_companion_radio_wifi,named Full Companion,full|Heltec_WSL3_companion_radio_full,not measured by this static routing audit
tracked_primary,generated_logical_alias,LilyGo_TLora_V2_1_1_6_companion_radio_full,ttgo-lora32-v1,named_Full_Companion,Full,True,True,True,False,False,False,False,False,False,True,False,False,LilyGo_TLora_V2_1_1_6_companion_radio_wifi,LilyGo_TLora_V2_1_1_6_companion_radio_full,LilyGo_TLora_V2_1_1_6_companion_radio_wifi,named Full Companion,full|LilyGo_TLora_V2_1_1_6_companion_radio_full,not measured by this static routing audit
tracked_primary,generated_logical_alias,MKE_s3_companion_radio_full,esp32-s3-devkitc-1,named_Full_Companion,Full,True,True,True,False,False,False,False,False,False,True,False,False,MKE_s3_companion_radio_wifi,MKE_s3_companion_radio_full,MKE_s3_companion_radio_wifi,named Full Companion,full|MKE_s3_companion_radio_full,not measured by this static routing audit
tracked_primary,generated_logical_alias,ThinkNode_M9_companion_radio_full_,thinknode_m9,named_Full_Companion,Full,True,True,True,False,False,False,False,False,False,True,False,False,ThinkNode_M9_companion_radio_wifi_,ThinkNode_M9_companion_radio_full_,ThinkNode_M9_companion_radio_wifi_,named Full Companion,full|ThinkNode_M9_companion_radio_full_,not measured by this static routing audit
tracked_primary,generated_logical_alias,Xiao_C3_companion_radio_full,seeed_xiao_esp32c3,named_Full_Companion,Full,True,True,True,False,False,False,False,False,False,True,False,False,Xiao_C3_companion_radio_wifi,Xiao_C3_companion_radio_full,Xiao_C3_companion_radio_wifi,named Full Companion,full|Xiao_C3_companion_radio_full,not measured by this static routing audit
tracked_primary,generated_logical_alias,M5Stack_Unit_C6L_companion_radio_full,esp32-c6-devkitm-1,named_Full_Companion,Full,True,True,True,False,False,False,False,False,False,True,False,False,M5Stack_Unit_C6L_companion_radio_ble,M5Stack_Unit_C6L_companion_radio_full,M5Stack_Unit_C6L_companion_radio_ble,named Full Companion,full|M5Stack_Unit_C6L_companion_radio_full,not measured by this static routing audit
tracked_primary,generated_logical_alias,Heltec_Wireless_Tracker_companion_radio_full,esp32-s3-devkitc-1,named_Full_Companion,Full,True,True,True,False,False,False,False,False,False,True,False,False,Heltec_Wireless_Tracker_companion_radio_ble,Heltec_Wireless_Tracker_companion_radio_full,Heltec_Wireless_Tracker_companion_radio_ble,named Full Companion,full|Heltec_Wireless_Tracker_companion_radio_full,not measured by this static routing audit
tracked_primary,generated_logical_alias,LilyGo_T3S3_sx1276_companion_radio_full,t3_s3_v1_x,named_Full_Companion,Full,True,True,True,False,False,False,False,False,False,True,False,False,LilyGo_T3S3_sx1276_companion_radio_ble,LilyGo_T3S3_sx1276_companion_radio_full,LilyGo_T3S3_sx1276_companion_radio_ble,named Full Companion,full|LilyGo_T3S3_sx1276_companion_radio_full,not measured by this static routing audit
tracked_primary,generated_logical_alias,LilyGo_Tlora_C6_companion_radio_full_,esp32-c6-devkitm-1,named_Full_Companion,Full,True,True,True,False,False,False,False,False,False,True,False,False,LilyGo_Tlora_C6_companion_radio_ble_,LilyGo_Tlora_C6_companion_radio_full_,LilyGo_Tlora_C6_companion_radio_ble_,named Full Companion,full|LilyGo_Tlora_C6_companion_radio_full_,not measured by this static routing audit
tracked_primary,generated_logical_alias,Heltec_ct62_companion_radio_full,esp32-c3-devkitm-1,named_Full_Companion,Full,True,True,True,False,False,False,False,False,False,True,False,False,Heltec_ct62_companion_radio_ble,Heltec_ct62_companion_radio_full,Heltec_ct62_companion_radio_ble,named Full Companion,full|Heltec_ct62_companion_radio_full,not measured by this static routing audit
tracked_primary,generated_logical_alias,Meshadventurer_sx1262_companion_radio_full,esp32doit-devkit-v1,named_Full_Companion,Full,True,True,True,False,False,False,False,False,False,True,False,False,Meshadventurer_sx1262_companion_radio_ble,Meshadventurer_sx1262_companion_radio_full,Meshadventurer_sx1262_companion_radio_ble,named Full Companion,full|Meshadventurer_sx1262_companion_radio_full,not measured by this static routing audit
tracked_primary,generated_logical_alias,Meshadventurer_sx1268_companion_radio_full,esp32doit-devkit-v1,named_Full_Companion,Full,True,True,True,False,False,False,False,False,False,True,False,False,Meshadventurer_sx1268_companion_radio_ble,Meshadventurer_sx1268_companion_radio_full,Meshadventurer_sx1268_companion_radio_ble,named Full Companion,full|Meshadventurer_sx1268_companion_radio_full,not measured by this static routing audit
tracked_primary,generated_logical_alias,Heltec_Wireless_Paper_companion_radio_full,esp32-s3-devkitc-1,named_Full_Companion,Full,True,True,True,False,False,False,False,False,False,True,False,False,Heltec_Wireless_Paper_companion_radio_ble,Heltec_Wireless_Paper_companion_radio_full,Heltec_Wireless_Paper_companion_radio_ble,named Full Companion,full|Heltec_Wireless_Paper_companion_radio_full,not measured by this static routing audit
tracked_primary,generated_logical_alias,Heltec_E213_companion_radio_full,heltec_e213,named_Full_Companion,Full,True,True,True,False,False,False,False,False,False,True,False,False,Heltec_E213_companion_radio_ble,Heltec_E213_companion_radio_full,Heltec_E213_companion_radio_ble,named Full Companion,full|Heltec_E213_companion_radio_full,not measured by this static routing audit
tracked_primary,generated_logical_alias,Meshimi_companion_radio_full_,esp32-c6-devkitm-1,named_Full_Companion,Full,True,True,True,False,False,False,False,False,False,True,False,False,Meshimi_companion_radio_ble_,Meshimi_companion_radio_full_,Meshimi_companion_radio_ble_,named Full Companion,full|Meshimi_companion_radio_full_,not measured by this static routing audit
tracked_primary,generated_logical_alias,WHY2025_badge_companion_radio_full_,esp32-c6-devkitm-1,named_Full_Companion,Full,True,True,True,False,False,False,False,False,False,True,False,False,WHY2025_badge_companion_radio_ble_,WHY2025_badge_companion_radio_full_,WHY2025_badge_companion_radio_ble_,named Full Companion,full|WHY2025_badge_companion_radio_full_,not measured by this static routing audit
tracked_primary,generated_logical_alias,Xiao_C6_companion_radio_full_,esp32-c6-devkitm-1,named_Full_Companion,Full,True,True,True,False,False,False,False,False,False,True,False,False,Xiao_C6_companion_radio_ble_,Xiao_C6_companion_radio_full_,Xiao_C6_companion_radio_ble_,named Full Companion,full|Xiao_C6_companion_radio_full_,not measured by this static routing audit
tracked_primary,generated_logical_alias,Xiao_S3_companion_radio_full,seeed_xiao_esp32s3,named_Full_Companion,Full,True,True,True,False,False,False,False,False,False,True,False,False,Xiao_S3_companion_radio_ble,Xiao_S3_companion_radio_full,Xiao_S3_companion_radio_ble,named Full Companion,full|Xiao_S3_companion_radio_full,not measured by this static routing audit
tracked_primary,generated_logical_alias,LilyGo_TETH_Elite_sx1262_companion_radio_full,esp32s3box,named_Full_Companion,Full,True,True,True,False,False,False,False,False,False,True,False,False,LilyGo_TETH_Elite_sx1262_companion_radio_ble,LilyGo_TETH_Elite_sx1262_companion_radio_full,LilyGo_TETH_Elite_sx1262_companion_radio_ble,named Full Companion,full|LilyGo_TETH_Elite_sx1262_companion_radio_full,not measured by this static routing audit
tracked_primary,generated_logical_alias,LilyGo_T3S3_sx1262_companion_radio_full,t3_s3_v1_x,named_Full_Companion,Full,True,True,True,False,False,False,False,False,False,True,False,False,LilyGo_T3S3_sx1262_companion_radio_ble,LilyGo_T3S3_sx1262_companion_radio_full,LilyGo_T3S3_sx1262_companion_radio_ble,named Full Companion,full|LilyGo_T3S3_sx1262_companion_radio_full,not measured by this static routing audit
tracked_primary,generated_logical_alias,LilyGo_TDeck_companion_radio_full,t-deck,named_Full_Companion,Full,True,True,True,False,False,False,False,False,False,True,False,False,LilyGo_TDeck_companion_radio_ble,LilyGo_TDeck_companion_radio_full,LilyGo_TDeck_companion_radio_ble,named Full Companion,full|LilyGo_TDeck_companion_radio_full,not measured by this static routing audit
tracked_primary,generated_logical_alias,Ebyte_EoRa-S3_companion_radio_full,ebyte_eora-s3,named_Full_Companion,Full,True,True,True,False,False,False,False,False,False,True,False,False,Ebyte_EoRa-S3_companion_radio_ble,Ebyte_EoRa-S3_companion_radio_full,Ebyte_EoRa-S3_companion_radio_ble,named Full Companion,full|Ebyte_EoRa-S3_companion_radio_full,not measured by this static routing audit
tracked_primary,generated_logical_alias,Tbeam_SX1262_companion_radio_full,ttgo-t-beam,named_Full_Companion,Full,True,True,True,False,False,False,False,False,False,True,False,False,Tbeam_SX1262_companion_radio_ble,Tbeam_SX1262_companion_radio_full,Tbeam_SX1262_companion_radio_ble,named Full Companion,full|Tbeam_SX1262_companion_radio_full,not measured by this static routing audit
tracked_primary,generated_logical_alias,Tbeam_SX1276_companion_radio_full,ttgo-t-beam,named_Full_Companion,Full,True,True,True,False,False,False,False,False,False,True,False,False,Tbeam_SX1276_companion_radio_ble,Tbeam_SX1276_companion_radio_full,Tbeam_SX1276_companion_radio_ble,named Full Companion,full|Tbeam_SX1276_companion_radio_full,not measured by this static routing audit
tracked_primary,generated_logical_alias,T_Beam_S3_Supreme_SX1262_companion_radio_full,t_beams3_supreme,named_Full_Companion,Full,True,True,True,False,False,False,False,False,False,True,False,False,T_Beam_S3_Supreme_SX1262_companion_radio_ble,T_Beam_S3_Supreme_SX1262_companion_radio_full,T_Beam_S3_Supreme_SX1262_companion_radio_ble,named Full Companion,full|T_Beam_S3_Supreme_SX1262_companion_radio_full,not measured by this static routing audit
tracked_primary,generated_logical_alias,Generic_ESPNOW_companion_radio_full,esp32-c3-devkitm-1,named_Full_Companion,Full,True,True,True,False,False,False,False,False,False,True,False,False,Generic_ESPNOW_comp_radio_usb,Generic_ESPNOW_companion_radio_full,Generic_ESPNOW_comp_radio_usb,named Full Companion,full|Generic_ESPNOW_companion_radio_full,not measured by this static routing audit
tracked_primary,generated_logical_alias,Heltec_E290_companion_radio_full,heltec_e290,named_Full_Companion,Full,True,True,True,False,False,False,False,False,False,True,False,False,Heltec_E290_companion_usb_ble,Heltec_E290_companion_radio_full,Heltec_E290_companion_usb_ble,named Full Companion,full|Heltec_E290_companion_radio_full,not measured by this static routing audit
tracked_primary,generated_logical_alias,Heltec_T190_companion_radio_full_,heltec_t190,named_Full_Companion,Full,True,True,True,False,False,False,False,False,False,True,False,False,Heltec_T190_companion_radio_usb_ble_,Heltec_T190_companion_radio_full_,Heltec_T190_companion_radio_usb_ble_,named Full Companion,full|Heltec_T190_companion_radio_full_,not measured by this static routing audit
tracked_primary,generated_logical_alias,SenseCapIndicator-ESPNow_companion_radio_full,esp32-s3-devkitc-1,named_Full_Companion,Full,True,True,True,False,False,False,False,False,False,True,False,False,SenseCapIndicator-ESPNow_comp_radio_usb,SenseCapIndicator-ESPNow_companion_radio_full,SenseCapIndicator-ESPNow_comp_radio_usb,named Full Companion,full|SenseCapIndicator-ESPNow_companion_radio_full,not measured by this static routing audit
tracked_primary,generated_logical_alias,SenseCapIndicator-LoRa_companion_radio_full,esp32-s3-devkitc-1,named_Full_Companion,Full,True,True,True,False,False,False,False,False,False,True,False,False,SenseCapIndicator-LoRa_comp_radio_usb_wifi,SenseCapIndicator-LoRa_companion_radio_full,SenseCapIndicator-LoRa_comp_radio_usb_wifi,named Full Companion,full|SenseCapIndicator-LoRa_companion_radio_full,not measured by this static routing audit
tracked_primary,generated_logical_alias,SenseCapIndicator-LoRa-N16R2_companion_radio_full,esp32-s3-devkitc-1,named_Full_Companion,Full,True,True,True,False,False,False,False,False,False,True,False,False,SenseCapIndicator-LoRa-N16R2_comp_radio_usb_wifi,SenseCapIndicator-LoRa-N16R2_companion_radio_full,SenseCapIndicator-LoRa-N16R2_comp_radio_usb_wifi,named Full Companion,full|SenseCapIndicator-LoRa-N16R2_companion_radio_full,not measured by this static routing audit
